source_file,source_type,source_column,standardized_column,semantic_type,description,definition_source_url
beneficiary_2019.csv,beneficiary,BENE_ID,bene_id,identifier_or_code,CMS synthetic beneficiary identifier; preserved as text.,https://www2.ccwdata.org/documents/10280/19022436/codebook-mbsf-abcd.pdf
beneficiary_2019.csv,beneficiary,STATE_CODE,state_code,text_or_category,Source field retained; consult the CMS data dictionary for its definition.,https://www2.ccwdata.org/documents/10280/19022436/codebook-mbsf-abcd.pdf
beneficiary_2019.csv,beneficiary,COUNTY_CD,county_cd,identifier_or_code,Source field retained; consult the CMS data dictionary for its definition.,https://www2.ccwdata.org/documents/10280/19022436/codebook-mbsf-abcd.pdf
beneficiary_2019.csv,beneficiary,ZIP_CD,zip_cd,identifier_or_code,Source field retained; consult the CMS data dictionary for its definition.,https://www2.ccwdata.org/documents/10280/19022436/codebook-mbsf-abcd.pdf
beneficiary_2019.csv,beneficiary,BENE_BIRTH_DT,bene_birth_dt,date,Source field retained; consult the CMS data dictionary for its definition.,https://www2.ccwdata.org/documents/10280/19022436/codebook-mbsf-abcd.pdf
beneficiary_2019.csv,beneficiary,SEX_IDENT_CD,sex_ident_cd,identifier_or_code,Source field retained; consult the CMS data dictionary for its definition.,https://www2.ccwdata.org/documents/10280/19022436/codebook-mbsf-abcd.pdf
beneficiary_2019.csv,beneficiary,BENE_RACE_CD,bene_race_cd,identifier_or_code,Source field retained; consult the CMS data dictionary for its definition.,https://www2.ccwdata.org/documents/10280/19022436/codebook-mbsf-abcd.pdf
beneficiary_2019.csv,beneficiary,ENTLMT_RSN_ORIG,entlmt_rsn_orig,text_or_category,Source field retained; consult the CMS data dictionary for its definition.,https://www2.ccwdata.org/documents/10280/19022436/codebook-mbsf-abcd.pdf
beneficiary_2019.csv,beneficiary,ENTLMT_RSN_CURR,entlmt_rsn_curr,text_or_category,Source field retained; consult the CMS data dictionary for its definition.,https://www2.ccwdata.org/documents/10280/19022436/codebook-mbsf-abcd.pdf
beneficiary_2019.csv,beneficiary,ESRD_IND,esrd_ind,text_or_category,Source field retained; consult the CMS data dictionary for its definition.,https://www2.ccwdata.org/documents/10280/19022436/codebook-mbsf-abcd.pdf
beneficiary_2019.csv,beneficiary,BENE_PTA_TRMNTN_CD,bene_pta_trmntn_cd,identifier_or_code,Source field retained; consult the CMS data dictionary for its definition.,https://www2.ccwdata.org/documents/10280/19022436/codebook-mbsf-abcd.pdf
beneficiary_2019.csv,beneficiary,BENE_PTB_TRMNTN_CD,bene_ptb_trmntn_cd,identifier_or_code,Source field retained; consult the CMS data dictionary for its definition.,https://www2.ccwdata.org/documents/10280/19022436/codebook-mbsf-abcd.pdf
beneficiary_2019.csv,beneficiary,BENE_DEATH_DT,bene_death_dt,date,Source field retained; consult the CMS data dictionary for its definition.,https://www2.ccwdata.org/documents/10280/19022436/codebook-mbsf-abcd.pdf
beneficiary_2019.csv,beneficiary,BENE_ENROLLMT_REF_YR,bene_enrollmt_ref_yr,text_or_category,Source field retained; consult the CMS data dictionary for its definition.,https://www2.ccwdata.org/documents/10280/19022436/codebook-mbsf-abcd.pdf
beneficiary_2019.csv,beneficiary,BENE_HI_CVRAGE_TOT_MONS,bene_hi_cvrage_tot_mons,text_or_category,Source field retained; consult the CMS data dictionary for its definition.,https://www2.ccwdata.org/documents/10280/19022436/codebook-mbsf-abcd.pdf
beneficiary_2019.csv,beneficiary,BENE_SMI_CVRAGE_TOT_MONS,bene_smi_cvrage_tot_mons,text_or_category,Source field retained; consult the CMS data dictionary for its definition.,https://www2.ccwdata.org/documents/10280/19022436/codebook-mbsf-abcd.pdf
beneficiary_2019.csv,beneficiary,BENE_STATE_BUYIN_TOT_MONS,bene_state_buyin_tot_mons,text_or_category,Source field retained; consult the CMS data dictionary for its definition.,https://www2.ccwdata.org/documents/10280/19022436/codebook-mbsf-abcd.pdf
beneficiary_2019.csv,beneficiary,BENE_HMO_CVRAGE_TOT_MONS,bene_hmo_cvrage_tot_mons,text_or_category,Source field retained; consult the CMS data dictionary for its definition.,https://www2.ccwdata.org/documents/10280/19022436/codebook-mbsf-abcd.pdf
beneficiary_2019.csv,beneficiary,RDS_CVRG_MONS,rds_cvrg_mons,text_or_category,Source field retained; consult the CMS data dictionary for its definition.,https://www2.ccwdata.org/documents/10280/19022436/codebook-mbsf-abcd.pdf
beneficiary_2019.csv,beneficiary,ENRL_SRC,enrl_src,text_or_category,Source field retained; consult the CMS data dictionary for its definition.,https://www2.ccwdata.org/documents/10280/19022436/codebook-mbsf-abcd.pdf
beneficiary_2019.csv,beneficiary,SAMPLE_GROUP,sample_group,text_or_category,Source field retained; consult the CMS data dictionary for its definition.,https://www2.ccwdata.org/documents/10280/19022436/codebook-mbsf-abcd.pdf
beneficiary_2019.csv,beneficiary,ENHANCED_FIVE_PERCENT_FLAG,enhanced_five_percent_flag,text_or_category,Source field retained; consult the CMS data dictionary for its definition.,https://www2.ccwdata.org/documents/10280/19022436/codebook-mbsf-abcd.pdf
beneficiary_2019.csv,beneficiary,CRNT_BIC_CD,crnt_bic_cd,identifier_or_code,Source field retained; consult the CMS data dictionary for its definition.,https://www2.ccwdata.org/documents/10280/19022436/codebook-mbsf-abcd.pdf
beneficiary_2019.csv,beneficiary,AGE_AT_END_REF_YR,age_at_end_ref_yr,text_or_category,Source field retained; consult the CMS data dictionary for its definition.,https://www2.ccwdata.org/documents/10280/19022436/codebook-mbsf-abcd.pdf
beneficiary_2019.csv,beneficiary,COVSTART,covstart,text_or_category,Source field retained; consult the CMS data dictionary for its definition.,https://www2.ccwdata.org/documents/10280/19022436/codebook-mbsf-abcd.pdf
beneficiary_2019.csv,beneficiary,DUAL_ELGBL_MONS,dual_elgbl_mons,text_or_category,Source field retained; consult the CMS data dictionary for its definition.,https://www2.ccwdata.org/documents/10280/19022436/codebook-mbsf-abcd.pdf
beneficiary_2019.csv,beneficiary,STATE_CNTY_FIPS_CD_01,state_cnty_fips_cd_01,text_or_category,Source field retained; consult the CMS data dictionary for its definition.,https://www2.ccwdata.org/documents/10280/19022436/codebook-mbsf-abcd.pdf
beneficiary_2019.csv,beneficiary,STATE_CNTY_FIPS_CD_02,state_cnty_fips_cd_02,text_or_category,Source field retained; consult the CMS data dictionary for its definition.,https://www2.ccwdata.org/documents/10280/19022436/codebook-mbsf-abcd.pdf
beneficiary_2019.csv,beneficiary,STATE_CNTY_FIPS_CD_03,state_cnty_fips_cd_03,text_or_category,Source field retained; consult the CMS data dictionary for its definition.,https://www2.ccwdata.org/documents/10280/19022436/codebook-mbsf-abcd.pdf
beneficiary_2019.csv,beneficiary,STATE_CNTY_FIPS_CD_04,state_cnty_fips_cd_04,text_or_category,Source field retained; consult the CMS data dictionary for its definition.,https://www2.ccwdata.org/documents/10280/19022436/codebook-mbsf-abcd.pdf
beneficiary_2019.csv,beneficiary,STATE_CNTY_FIPS_CD_05,state_cnty_fips_cd_05,text_or_category,Source field retained; consult the CMS data dictionary for its definition.,https://www2.ccwdata.org/documents/10280/19022436/codebook-mbsf-abcd.pdf
beneficiary_2019.csv,beneficiary,STATE_CNTY_FIPS_CD_06,state_cnty_fips_cd_06,text_or_category,Source field retained; consult the CMS data dictionary for its definition.,https://www2.ccwdata.org/documents/10280/19022436/codebook-mbsf-abcd.pdf
beneficiary_2019.csv,beneficiary,STATE_CNTY_FIPS_CD_07,state_cnty_fips_cd_07,text_or_category,Source field retained; consult the CMS data dictionary for its definition.,https://www2.ccwdata.org/documents/10280/19022436/codebook-mbsf-abcd.pdf
beneficiary_2019.csv,beneficiary,STATE_CNTY_FIPS_CD_08,state_cnty_fips_cd_08,text_or_category,Source field retained; consult the CMS data dictionary for its definition.,https://www2.ccwdata.org/documents/10280/19022436/codebook-mbsf-abcd.pdf
beneficiary_2019.csv,beneficiary,STATE_CNTY_FIPS_CD_09,state_cnty_fips_cd_09,text_or_category,Source field retained; consult the CMS data dictionary for its definition.,https://www2.ccwdata.org/documents/10280/19022436/codebook-mbsf-abcd.pdf
beneficiary_2019.csv,beneficiary,STATE_CNTY_FIPS_CD_10,state_cnty_fips_cd_10,text_or_category,Source field retained; consult the CMS data dictionary for its definition.,https://www2.ccwdata.org/documents/10280/19022436/codebook-mbsf-abcd.pdf
beneficiary_2019.csv,beneficiary,STATE_CNTY_FIPS_CD_11,state_cnty_fips_cd_11,text_or_category,Source field retained; consult the CMS data dictionary for its definition.,https://www2.ccwdata.org/documents/10280/19022436/codebook-mbsf-abcd.pdf
beneficiary_2019.csv,beneficiary,STATE_CNTY_FIPS_CD_12,state_cnty_fips_cd_12,text_or_category,Source field retained; consult the CMS data dictionary for its definition.,https://www2.ccwdata.org/documents/10280/19022436/codebook-mbsf-abcd.pdf
beneficiary_2019.csv,beneficiary,VALID_DEATH_DT_SW,valid_death_dt_sw,text_or_category,Source field retained; consult the CMS data dictionary for its definition.,https://www2.ccwdata.org/documents/10280/19022436/codebook-mbsf-abcd.pdf
beneficiary_2019.csv,beneficiary,RTI_RACE_CD,rti_race_cd,identifier_or_code,Source field retained; consult the CMS data dictionary for its definition.,https://www2.ccwdata.org/documents/10280/19022436/codebook-mbsf-abcd.pdf
beneficiary_2019.csv,beneficiary,MDCR_STATUS_CODE_01,mdcr_status_code_01,identifier_or_code,Source field retained; consult the CMS data dictionary for its definition.,https://www2.ccwdata.org/documents/10280/19022436/codebook-mbsf-abcd.pdf
beneficiary_2019.csv,beneficiary,MDCR_STATUS_CODE_02,mdcr_status_code_02,identifier_or_code,Source field retained; consult the CMS data dictionary for its definition.,https://www2.ccwdata.org/documents/10280/19022436/codebook-mbsf-abcd.pdf
beneficiary_2019.csv,beneficiary,MDCR_STATUS_CODE_03,mdcr_status_code_03,identifier_or_code,Source field retained; consult the CMS data dictionary for its definition.,https://www2.ccwdata.org/documents/10280/19022436/codebook-mbsf-abcd.pdf
beneficiary_2019.csv,beneficiary,MDCR_STATUS_CODE_04,mdcr_status_code_04,identifier_or_code,Source field retained; consult the CMS data dictionary for its definition.,https://www2.ccwdata.org/documents/10280/19022436/codebook-mbsf-abcd.pdf
beneficiary_2019.csv,beneficiary,MDCR_STATUS_CODE_05,mdcr_status_code_05,identifier_or_code,Source field retained; consult the CMS data dictionary for its definition.,https://www2.ccwdata.org/documents/10280/19022436/codebook-mbsf-abcd.pdf
beneficiary_2019.csv,beneficiary,MDCR_STATUS_CODE_06,mdcr_status_code_06,identifier_or_code,Source field retained; consult the CMS data dictionary for its definition.,https://www2.ccwdata.org/documents/10280/19022436/codebook-mbsf-abcd.pdf
beneficiary_2019.csv,beneficiary,MDCR_STATUS_CODE_07,mdcr_status_code_07,identifier_or_code,Source field retained; consult the CMS data dictionary for its definition.,https://www2.ccwdata.org/documents/10280/19022436/codebook-mbsf-abcd.pdf
beneficiary_2019.csv,beneficiary,MDCR_STATUS_CODE_08,mdcr_status_code_08,identifier_or_code,Source field retained; consult the CMS data dictionary for its definition.,https://www2.ccwdata.org/documents/10280/19022436/codebook-mbsf-abcd.pdf
beneficiary_2019.csv,beneficiary,MDCR_STATUS_CODE_09,mdcr_status_code_09,identifier_or_code,Source field retained; consult the CMS data dictionary for its definition.,https://www2.ccwdata.org/documents/10280/19022436/codebook-mbsf-abcd.pdf
beneficiary_2019.csv,beneficiary,MDCR_STATUS_CODE_10,mdcr_status_code_10,identifier_or_code,Source field retained; consult the CMS data dictionary for its definition.,https://www2.ccwdata.org/documents/10280/19022436/codebook-mbsf-abcd.pdf
beneficiary_2019.csv,beneficiary,MDCR_STATUS_CODE_11,mdcr_status_code_11,identifier_or_code,Source field retained; consult the CMS data dictionary for its definition.,https://www2.ccwdata.org/documents/10280/19022436/codebook-mbsf-abcd.pdf
beneficiary_2019.csv,beneficiary,MDCR_STATUS_CODE_12,mdcr_status_code_12,identifier_or_code,Source field retained; consult the CMS data dictionary for its definition.,https://www2.ccwdata.org/documents/10280/19022436/codebook-mbsf-abcd.pdf
beneficiary_2019.csv,beneficiary,PTD_PLAN_CVRG_MONS,ptd_plan_cvrg_mons,text_or_category,Source field retained; consult the CMS data dictionary for its definition.,https://www2.ccwdata.org/documents/10280/19022436/codebook-mbsf-abcd.pdf
beneficiary_2019.csv,beneficiary,MDCR_ENTLMT_BUYIN_IND_01,mdcr_entlmt_buyin_ind_01,text_or_category,Source field retained; consult the CMS data dictionary for its definition.,https://www2.ccwdata.org/documents/10280/19022436/codebook-mbsf-abcd.pdf
beneficiary_2019.csv,beneficiary,MDCR_ENTLMT_BUYIN_IND_02,mdcr_entlmt_buyin_ind_02,text_or_category,Source field retained; consult the CMS data dictionary for its definition.,https://www2.ccwdata.org/documents/10280/19022436/codebook-mbsf-abcd.pdf
beneficiary_2019.csv,beneficiary,MDCR_ENTLMT_BUYIN_IND_03,mdcr_entlmt_buyin_ind_03,text_or_category,Source field retained; consult the CMS data dictionary for its definition.,https://www2.ccwdata.org/documents/10280/19022436/codebook-mbsf-abcd.pdf
beneficiary_2019.csv,beneficiary,MDCR_ENTLMT_BUYIN_IND_04,mdcr_entlmt_buyin_ind_04,text_or_category,Source field retained; consult the CMS data dictionary for its definition.,https://www2.ccwdata.org/documents/10280/19022436/codebook-mbsf-abcd.pdf
beneficiary_2019.csv,beneficiary,MDCR_ENTLMT_BUYIN_IND_05,mdcr_entlmt_buyin_ind_05,text_or_category,Source field retained; consult the CMS data dictionary for its definition.,https://www2.ccwdata.org/documents/10280/19022436/codebook-mbsf-abcd.pdf
beneficiary_2019.csv,beneficiary,MDCR_ENTLMT_BUYIN_IND_06,mdcr_entlmt_buyin_ind_06,text_or_category,Source field retained; consult the CMS data dictionary for its definition.,https://www2.ccwdata.org/documents/10280/19022436/codebook-mbsf-abcd.pdf
beneficiary_2019.csv,beneficiary,MDCR_ENTLMT_BUYIN_IND_07,mdcr_entlmt_buyin_ind_07,text_or_category,Source field retained; consult the CMS data dictionary for its definition.,https://www2.ccwdata.org/documents/10280/19022436/codebook-mbsf-abcd.pdf
beneficiary_2019.csv,beneficiary,MDCR_ENTLMT_BUYIN_IND_08,mdcr_entlmt_buyin_ind_08,text_or_category,Source field retained; consult the CMS data dictionary for its definition.,https://www2.ccwdata.org/documents/10280/19022436/codebook-mbsf-abcd.pdf
beneficiary_2019.csv,beneficiary,MDCR_ENTLMT_BUYIN_IND_09,mdcr_entlmt_buyin_ind_09,text_or_category,Source field retained; consult the CMS data dictionary for its definition.,https://www2.ccwdata.org/documents/10280/19022436/codebook-mbsf-abcd.pdf
beneficiary_2019.csv,beneficiary,MDCR_ENTLMT_BUYIN_IND_10,mdcr_entlmt_buyin_ind_10,text_or_category,Source field retained; consult the CMS data dictionary for its definition.,https://www2.ccwdata.org/documents/10280/19022436/codebook-mbsf-abcd.pdf
beneficiary_2019.csv,beneficiary,MDCR_ENTLMT_BUYIN_IND_11,mdcr_entlmt_buyin_ind_11,text_or_category,Source field retained; consult the CMS data dictionary for its definition.,https://www2.ccwdata.org/documents/10280/19022436/codebook-mbsf-abcd.pdf
beneficiary_2019.csv,beneficiary,MDCR_ENTLMT_BUYIN_IND_12,mdcr_entlmt_buyin_ind_12,text_or_category,Source field retained; consult the CMS data dictionary for its definition.,https://www2.ccwdata.org/documents/10280/19022436/codebook-mbsf-abcd.pdf
beneficiary_2019.csv,beneficiary,HMO_IND_01,hmo_ind_01,text_or_category,Source field retained; consult the CMS data dictionary for its definition.,https://www2.ccwdata.org/documents/10280/19022436/codebook-mbsf-abcd.pdf
beneficiary_2019.csv,beneficiary,HMO_IND_02,hmo_ind_02,text_or_category,Source field retained; consult the CMS data dictionary for its definition.,https://www2.ccwdata.org/documents/10280/19022436/codebook-mbsf-abcd.pdf
beneficiary_2019.csv,beneficiary,HMO_IND_03,hmo_ind_03,text_or_category,Source field retained; consult the CMS data dictionary for its definition.,https://www2.ccwdata.org/documents/10280/19022436/codebook-mbsf-abcd.pdf
beneficiary_2019.csv,beneficiary,HMO_IND_04,hmo_ind_04,text_or_category,Source field retained; consult the CMS data dictionary for its definition.,https://www2.ccwdata.org/documents/10280/19022436/codebook-mbsf-abcd.pdf
beneficiary_2019.csv,beneficiary,HMO_IND_05,hmo_ind_05,text_or_category,Source field retained; consult the CMS data dictionary for its definition.,https://www2.ccwdata.org/documents/10280/19022436/codebook-mbsf-abcd.pdf
beneficiary_2019.csv,beneficiary,HMO_IND_06,hmo_ind_06,text_or_category,Source field retained; consult the CMS data dictionary for its definition.,https://www2.ccwdata.org/documents/10280/19022436/codebook-mbsf-abcd.pdf
beneficiary_2019.csv,beneficiary,HMO_IND_07,hmo_ind_07,text_or_category,Source field retained; consult the CMS data dictionary for its definition.,https://www2.ccwdata.org/documents/10280/19022436/codebook-mbsf-abcd.pdf
beneficiary_2019.csv,beneficiary,HMO_IND_08,hmo_ind_08,text_or_category,Source field retained; consult the CMS data dictionary for its definition.,https://www2.ccwdata.org/documents/10280/19022436/codebook-mbsf-abcd.pdf
beneficiary_2019.csv,beneficiary,HMO_IND_09,hmo_ind_09,text_or_category,Source field retained; consult the CMS data dictionary for its definition.,https://www2.ccwdata.org/documents/10280/19022436/codebook-mbsf-abcd.pdf
beneficiary_2019.csv,beneficiary,HMO_IND_10,hmo_ind_10,text_or_category,Source field retained; consult the CMS data dictionary for its definition.,https://www2.ccwdata.org/documents/10280/19022436/codebook-mbsf-abcd.pdf
beneficiary_2019.csv,beneficiary,HMO_IND_11,hmo_ind_11,text_or_category,Source field retained; consult the CMS data dictionary for its definition.,https://www2.ccwdata.org/documents/10280/19022436/codebook-mbsf-abcd.pdf
beneficiary_2019.csv,beneficiary,HMO_IND_12,hmo_ind_12,text_or_category,Source field retained; consult the CMS data dictionary for its definition.,https://www2.ccwdata.org/documents/10280/19022436/codebook-mbsf-abcd.pdf
beneficiary_2019.csv,beneficiary,PTC_CNTRCT_ID_01,ptc_cntrct_id_01,text_or_category,Source field retained; consult the CMS data dictionary for its definition.,https://www2.ccwdata.org/documents/10280/19022436/codebook-mbsf-abcd.pdf
beneficiary_2019.csv,beneficiary,PTC_CNTRCT_ID_02,ptc_cntrct_id_02,text_or_category,Source field retained; consult the CMS data dictionary for its definition.,https://www2.ccwdata.org/documents/10280/19022436/codebook-mbsf-abcd.pdf
beneficiary_2019.csv,beneficiary,PTC_CNTRCT_ID_03,ptc_cntrct_id_03,text_or_category,Source field retained; consult the CMS data dictionary for its definition.,https://www2.ccwdata.org/documents/10280/19022436/codebook-mbsf-abcd.pdf
beneficiary_2019.csv,beneficiary,PTC_CNTRCT_ID_04,ptc_cntrct_id_04,text_or_category,Source field retained; consult the CMS data dictionary for its definition.,https://www2.ccwdata.org/documents/10280/19022436/codebook-mbsf-abcd.pdf
beneficiary_2019.csv,beneficiary,PTC_CNTRCT_ID_05,ptc_cntrct_id_05,text_or_category,Source field retained; consult the CMS data dictionary for its definition.,https://www2.ccwdata.org/documents/10280/19022436/codebook-mbsf-abcd.pdf
beneficiary_2019.csv,beneficiary,PTC_CNTRCT_ID_06,ptc_cntrct_id_06,text_or_category,Source field retained; consult the CMS data dictionary for its definition.,https://www2.ccwdata.org/documents/10280/19022436/codebook-mbsf-abcd.pdf
beneficiary_2019.csv,beneficiary,PTC_CNTRCT_ID_07,ptc_cntrct_id_07,text_or_category,Source field retained; consult the CMS data dictionary for its definition.,https://www2.ccwdata.org/documents/10280/19022436/codebook-mbsf-abcd.pdf
beneficiary_2019.csv,beneficiary,PTC_CNTRCT_ID_08,ptc_cntrct_id_08,text_or_category,Source field retained; consult the CMS data dictionary for its definition.,https://www2.ccwdata.org/documents/10280/19022436/codebook-mbsf-abcd.pdf
beneficiary_2019.csv,beneficiary,PTC_CNTRCT_ID_09,ptc_cntrct_id_09,text_or_category,Source field retained; consult the CMS data dictionary for its definition.,https://www2.ccwdata.org/documents/10280/19022436/codebook-mbsf-abcd.pdf
beneficiary_2019.csv,beneficiary,PTC_CNTRCT_ID_10,ptc_cntrct_id_10,text_or_category,Source field retained; consult the CMS data dictionary for its definition.,https://www2.ccwdata.org/documents/10280/19022436/codebook-mbsf-abcd.pdf
beneficiary_2019.csv,beneficiary,PTC_CNTRCT_ID_11,ptc_cntrct_id_11,text_or_category,Source field retained; consult the CMS data dictionary for its definition.,https://www2.ccwdata.org/documents/10280/19022436/codebook-mbsf-abcd.pdf
beneficiary_2019.csv,beneficiary,PTC_CNTRCT_ID_12,ptc_cntrct_id_12,text_or_category,Source field retained; consult the CMS data dictionary for its definition.,https://www2.ccwdata.org/documents/10280/19022436/codebook-mbsf-abcd.pdf
beneficiary_2019.csv,beneficiary,PTC_PBP_ID_01,ptc_pbp_id_01,text_or_category,Source field retained; consult the CMS data dictionary for its definition.,https://www2.ccwdata.org/documents/10280/19022436/codebook-mbsf-abcd.pdf
beneficiary_2019.csv,beneficiary,PTC_PBP_ID_02,ptc_pbp_id_02,text_or_category,Source field retained; consult the CMS data dictionary for its definition.,https://www2.ccwdata.org/documents/10280/19022436/codebook-mbsf-abcd.pdf
beneficiary_2019.csv,beneficiary,PTC_PBP_ID_03,ptc_pbp_id_03,text_or_category,Source field retained; consult the CMS data dictionary for its definition.,https://www2.ccwdata.org/documents/10280/19022436/codebook-mbsf-abcd.pdf
beneficiary_2019.csv,beneficiary,PTC_PBP_ID_04,ptc_pbp_id_04,text_or_category,Source field retained; consult the CMS data dictionary for its definition.,https://www2.ccwdata.org/documents/10280/19022436/codebook-mbsf-abcd.pdf
beneficiary_2019.csv,beneficiary,PTC_PBP_ID_05,ptc_pbp_id_05,text_or_category,Source field retained; consult the CMS data dictionary for its definition.,https://www2.ccwdata.org/documents/10280/19022436/codebook-mbsf-abcd.pdf
beneficiary_2019.csv,beneficiary,PTC_PBP_ID_06,ptc_pbp_id_06,text_or_category,Source field retained; consult the CMS data dictionary for its definition.,https://www2.ccwdata.org/documents/10280/19022436/codebook-mbsf-abcd.pdf
beneficiary_2019.csv,beneficiary,PTC_PBP_ID_07,ptc_pbp_id_07,text_or_category,Source field retained; consult the CMS data dictionary for its definition.,https://www2.ccwdata.org/documents/10280/19022436/codebook-mbsf-abcd.pdf
beneficiary_2019.csv,beneficiary,PTC_PBP_ID_08,ptc_pbp_id_08,text_or_category,Source field retained; consult the CMS data dictionary for its definition.,https://www2.ccwdata.org/documents/10280/19022436/codebook-mbsf-abcd.pdf
beneficiary_2019.csv,beneficiary,PTC_PBP_ID_09,ptc_pbp_id_09,text_or_category,Source field retained; consult the CMS data dictionary for its definition.,https://www2.ccwdata.org/documents/10280/19022436/codebook-mbsf-abcd.pdf
beneficiary_2019.csv,beneficiary,PTC_PBP_ID_10,ptc_pbp_id_10,text_or_category,Source field retained; consult the CMS data dictionary for its definition.,https://www2.ccwdata.org/documents/10280/19022436/codebook-mbsf-abcd.pdf
beneficiary_2019.csv,beneficiary,PTC_PBP_ID_11,ptc_pbp_id_11,text_or_category,Source field retained; consult the CMS data dictionary for its definition.,https://www2.ccwdata.org/documents/10280/19022436/codebook-mbsf-abcd.pdf
beneficiary_2019.csv,beneficiary,PTC_PBP_ID_12,ptc_pbp_id_12,text_or_category,Source field retained; consult the CMS data dictionary for its definition.,https://www2.ccwdata.org/documents/10280/19022436/codebook-mbsf-abcd.pdf
beneficiary_2019.csv,beneficiary,PTC_PLAN_TYPE_CD_01,ptc_plan_type_cd_01,text_or_category,Source field retained; consult the CMS data dictionary for its definition.,https://www2.ccwdata.org/documents/10280/19022436/codebook-mbsf-abcd.pdf
beneficiary_2019.csv,beneficiary,PTC_PLAN_TYPE_CD_02,ptc_plan_type_cd_02,text_or_category,Source field retained; consult the CMS data dictionary for its definition.,https://www2.ccwdata.org/documents/10280/19022436/codebook-mbsf-abcd.pdf
beneficiary_2019.csv,beneficiary,PTC_PLAN_TYPE_CD_03,ptc_plan_type_cd_03,text_or_category,Source field retained; consult the CMS data dictionary for its definition.,https://www2.ccwdata.org/documents/10280/19022436/codebook-mbsf-abcd.pdf
beneficiary_2019.csv,beneficiary,PTC_PLAN_TYPE_CD_04,ptc_plan_type_cd_04,text_or_category,Source field retained; consult the CMS data dictionary for its definition.,https://www2.ccwdata.org/documents/10280/19022436/codebook-mbsf-abcd.pdf
beneficiary_2019.csv,beneficiary,PTC_PLAN_TYPE_CD_05,ptc_plan_type_cd_05,text_or_category,Source field retained; consult the CMS data dictionary for its definition.,https://www2.ccwdata.org/documents/10280/19022436/codebook-mbsf-abcd.pdf
beneficiary_2019.csv,beneficiary,PTC_PLAN_TYPE_CD_06,ptc_plan_type_cd_06,text_or_category,Source field retained; consult the CMS data dictionary for its definition.,https://www2.ccwdata.org/documents/10280/19022436/codebook-mbsf-abcd.pdf
beneficiary_2019.csv,beneficiary,PTC_PLAN_TYPE_CD_07,ptc_plan_type_cd_07,text_or_category,Source field retained; consult the CMS data dictionary for its definition.,https://www2.ccwdata.org/documents/10280/19022436/codebook-mbsf-abcd.pdf
beneficiary_2019.csv,beneficiary,PTC_PLAN_TYPE_CD_08,ptc_plan_type_cd_08,text_or_category,Source field retained; consult the CMS data dictionary for its definition.,https://www2.ccwdata.org/documents/10280/19022436/codebook-mbsf-abcd.pdf
beneficiary_2019.csv,beneficiary,PTC_PLAN_TYPE_CD_09,ptc_plan_type_cd_09,text_or_category,Source field retained; consult the CMS data dictionary for its definition.,https://www2.ccwdata.org/documents/10280/19022436/codebook-mbsf-abcd.pdf
beneficiary_2019.csv,beneficiary,PTC_PLAN_TYPE_CD_10,ptc_plan_type_cd_10,text_or_category,Source field retained; consult the CMS data dictionary for its definition.,https://www2.ccwdata.org/documents/10280/19022436/codebook-mbsf-abcd.pdf
beneficiary_2019.csv,beneficiary,PTC_PLAN_TYPE_CD_11,ptc_plan_type_cd_11,text_or_category,Source field retained; consult the CMS data dictionary for its definition.,https://www2.ccwdata.org/documents/10280/19022436/codebook-mbsf-abcd.pdf
beneficiary_2019.csv,beneficiary,PTC_PLAN_TYPE_CD_12,ptc_plan_type_cd_12,text_or_category,Source field retained; consult the CMS data dictionary for its definition.,https://www2.ccwdata.org/documents/10280/19022436/codebook-mbsf-abcd.pdf
beneficiary_2019.csv,beneficiary,PTD_CNTRCT_ID_01,ptd_cntrct_id_01,text_or_category,Source field retained; consult the CMS data dictionary for its definition.,https://www2.ccwdata.org/documents/10280/19022436/codebook-mbsf-abcd.pdf
beneficiary_2019.csv,beneficiary,PTD_CNTRCT_ID_02,ptd_cntrct_id_02,text_or_category,Source field retained; consult the CMS data dictionary for its definition.,https://www2.ccwdata.org/documents/10280/19022436/codebook-mbsf-abcd.pdf
beneficiary_2019.csv,beneficiary,PTD_CNTRCT_ID_03,ptd_cntrct_id_03,text_or_category,Source field retained; consult the CMS data dictionary for its definition.,https://www2.ccwdata.org/documents/10280/19022436/codebook-mbsf-abcd.pdf
beneficiary_2019.csv,beneficiary,PTD_CNTRCT_ID_04,ptd_cntrct_id_04,text_or_category,Source field retained; consult the CMS data dictionary for its definition.,https://www2.ccwdata.org/documents/10280/19022436/codebook-mbsf-abcd.pdf
beneficiary_2019.csv,beneficiary,PTD_CNTRCT_ID_05,ptd_cntrct_id_05,text_or_category,Source field retained; consult the CMS data dictionary for its definition.,https://www2.ccwdata.org/documents/10280/19022436/codebook-mbsf-abcd.pdf
beneficiary_2019.csv,beneficiary,PTD_CNTRCT_ID_06,ptd_cntrct_id_06,text_or_category,Source field retained; consult the CMS data dictionary for its definition.,https://www2.ccwdata.org/documents/10280/19022436/codebook-mbsf-abcd.pdf
beneficiary_2019.csv,beneficiary,PTD_CNTRCT_ID_07,ptd_cntrct_id_07,text_or_category,Source field retained; consult the CMS data dictionary for its definition.,https://www2.ccwdata.org/documents/10280/19022436/codebook-mbsf-abcd.pdf
beneficiary_2019.csv,beneficiary,PTD_CNTRCT_ID_08,ptd_cntrct_id_08,text_or_category,Source field retained; consult the CMS data dictionary for its definition.,https://www2.ccwdata.org/documents/10280/19022436/codebook-mbsf-abcd.pdf
beneficiary_2019.csv,beneficiary,PTD_CNTRCT_ID_09,ptd_cntrct_id_09,text_or_category,Source field retained; consult the CMS data dictionary for its definition.,https://www2.ccwdata.org/documents/10280/19022436/codebook-mbsf-abcd.pdf
beneficiary_2019.csv,beneficiary,PTD_CNTRCT_ID_10,ptd_cntrct_id_10,text_or_category,Source field retained; consult the CMS data dictionary for its definition.,https://www2.ccwdata.org/documents/10280/19022436/codebook-mbsf-abcd.pdf
beneficiary_2019.csv,beneficiary,PTD_CNTRCT_ID_11,ptd_cntrct_id_11,text_or_category,Source field retained; consult the CMS data dictionary for its definition.,https://www2.ccwdata.org/documents/10280/19022436/codebook-mbsf-abcd.pdf
beneficiary_2019.csv,beneficiary,PTD_CNTRCT_ID_12,ptd_cntrct_id_12,text_or_category,Source field retained; consult the CMS data dictionary for its definition.,https://www2.ccwdata.org/documents/10280/19022436/codebook-mbsf-abcd.pdf
beneficiary_2019.csv,beneficiary,PTD_PBP_ID_01,ptd_pbp_id_01,text_or_category,Source field retained; consult the CMS data dictionary for its definition.,https://www2.ccwdata.org/documents/10280/19022436/codebook-mbsf-abcd.pdf
beneficiary_2019.csv,beneficiary,PTD_PBP_ID_02,ptd_pbp_id_02,text_or_category,Source field retained; consult the CMS data dictionary for its definition.,https://www2.ccwdata.org/documents/10280/19022436/codebook-mbsf-abcd.pdf
beneficiary_2019.csv,beneficiary,PTD_PBP_ID_03,ptd_pbp_id_03,text_or_category,Source field retained; consult the CMS data dictionary for its definition.,https://www2.ccwdata.org/documents/10280/19022436/codebook-mbsf-abcd.pdf
beneficiary_2019.csv,beneficiary,PTD_PBP_ID_04,ptd_pbp_id_04,text_or_category,Source field retained; consult the CMS data dictionary for its definition.,https://www2.ccwdata.org/documents/10280/19022436/codebook-mbsf-abcd.pdf
beneficiary_2019.csv,beneficiary,PTD_PBP_ID_05,ptd_pbp_id_05,text_or_category,Source field retained; consult the CMS data dictionary for its definition.,https://www2.ccwdata.org/documents/10280/19022436/codebook-mbsf-abcd.pdf
beneficiary_2019.csv,beneficiary,PTD_PBP_ID_06,ptd_pbp_id_06,text_or_category,Source field retained; consult the CMS data dictionary for its definition.,https://www2.ccwdata.org/documents/10280/19022436/codebook-mbsf-abcd.pdf
beneficiary_2019.csv,beneficiary,PTD_PBP_ID_07,ptd_pbp_id_07,text_or_category,Source field retained; consult the CMS data dictionary for its definition.,https://www2.ccwdata.org/documents/10280/19022436/codebook-mbsf-abcd.pdf
beneficiary_2019.csv,beneficiary,PTD_PBP_ID_08,ptd_pbp_id_08,text_or_category,Source field retained; consult the CMS data dictionary for its definition.,https://www2.ccwdata.org/documents/10280/19022436/codebook-mbsf-abcd.pdf
beneficiary_2019.csv,beneficiary,PTD_PBP_ID_09,ptd_pbp_id_09,text_or_category,Source field retained; consult the CMS data dictionary for its definition.,https://www2.ccwdata.org/documents/10280/19022436/codebook-mbsf-abcd.pdf
beneficiary_2019.csv,beneficiary,PTD_PBP_ID_10,ptd_pbp_id_10,text_or_category,Source field retained; consult the CMS data dictionary for its definition.,https://www2.ccwdata.org/documents/10280/19022436/codebook-mbsf-abcd.pdf
beneficiary_2019.csv,beneficiary,PTD_PBP_ID_11,ptd_pbp_id_11,text_or_category,Source field retained; consult the CMS data dictionary for its definition.,https://www2.ccwdata.org/documents/10280/19022436/codebook-mbsf-abcd.pdf
beneficiary_2019.csv,beneficiary,PTD_PBP_ID_12,ptd_pbp_id_12,text_or_category,Source field retained; consult the CMS data dictionary for its definition.,https://www2.ccwdata.org/documents/10280/19022436/codebook-mbsf-abcd.pdf
beneficiary_2019.csv,beneficiary,PTD_SGMT_ID_01,ptd_sgmt_id_01,text_or_category,Source field retained; consult the CMS data dictionary for its definition.,https://www2.ccwdata.org/documents/10280/19022436/codebook-mbsf-abcd.pdf
beneficiary_2019.csv,beneficiary,PTD_SGMT_ID_02,ptd_sgmt_id_02,text_or_category,Source field retained; consult the CMS data dictionary for its definition.,https://www2.ccwdata.org/documents/10280/19022436/codebook-mbsf-abcd.pdf
beneficiary_2019.csv,beneficiary,PTD_SGMT_ID_03,ptd_sgmt_id_03,text_or_category,Source field retained; consult the CMS data dictionary for its definition.,https://www2.ccwdata.org/documents/10280/19022436/codebook-mbsf-abcd.pdf
beneficiary_2019.csv,beneficiary,PTD_SGMT_ID_04,ptd_sgmt_id_04,text_or_category,Source field retained; consult the CMS data dictionary for its definition.,https://www2.ccwdata.org/documents/10280/19022436/codebook-mbsf-abcd.pdf
beneficiary_2019.csv,beneficiary,PTD_SGMT_ID_05,ptd_sgmt_id_05,text_or_category,Source field retained; consult the CMS data dictionary for its definition.,https://www2.ccwdata.org/documents/10280/19022436/codebook-mbsf-abcd.pdf
beneficiary_2019.csv,beneficiary,PTD_SGMT_ID_06,ptd_sgmt_id_06,text_or_category,Source field retained; consult the CMS data dictionary for its definition.,https://www2.ccwdata.org/documents/10280/19022436/codebook-mbsf-abcd.pdf
beneficiary_2019.csv,beneficiary,PTD_SGMT_ID_07,ptd_sgmt_id_07,text_or_category,Source field retained; consult the CMS data dictionary for its definition.,https://www2.ccwdata.org/documents/10280/19022436/codebook-mbsf-abcd.pdf
beneficiary_2019.csv,beneficiary,PTD_SGMT_ID_08,ptd_sgmt_id_08,text_or_category,Source field retained; consult the CMS data dictionary for its definition.,https://www2.ccwdata.org/documents/10280/19022436/codebook-mbsf-abcd.pdf
beneficiary_2019.csv,beneficiary,PTD_SGMT_ID_09,ptd_sgmt_id_09,text_or_category,Source field retained; consult the CMS data dictionary for its definition.,https://www2.ccwdata.org/documents/10280/19022436/codebook-mbsf-abcd.pdf
beneficiary_2019.csv,beneficiary,PTD_SGMT_ID_10,ptd_sgmt_id_10,text_or_category,Source field retained; consult the CMS data dictionary for its definition.,https://www2.ccwdata.org/documents/10280/19022436/codebook-mbsf-abcd.pdf
beneficiary_2019.csv,beneficiary,PTD_SGMT_ID_11,ptd_sgmt_id_11,text_or_category,Source field retained; consult the CMS data dictionary for its definition.,https://www2.ccwdata.org/documents/10280/19022436/codebook-mbsf-abcd.pdf
beneficiary_2019.csv,beneficiary,PTD_SGMT_ID_12,ptd_sgmt_id_12,text_or_category,Source field retained; consult the CMS data dictionary for its definition.,https://www2.ccwdata.org/documents/10280/19022436/codebook-mbsf-abcd.pdf
beneficiary_2019.csv,beneficiary,RDS_IND_01,rds_ind_01,text_or_category,Source field retained; consult the CMS data dictionary for its definition.,https://www2.ccwdata.org/documents/10280/19022436/codebook-mbsf-abcd.pdf
beneficiary_2019.csv,beneficiary,RDS_IND_02,rds_ind_02,text_or_category,Source field retained; consult the CMS data dictionary for its definition.,https://www2.ccwdata.org/documents/10280/19022436/codebook-mbsf-abcd.pdf
beneficiary_2019.csv,beneficiary,RDS_IND_03,rds_ind_03,text_or_category,Source field retained; consult the CMS data dictionary for its definition.,https://www2.ccwdata.org/documents/10280/19022436/codebook-mbsf-abcd.pdf
beneficiary_2019.csv,beneficiary,RDS_IND_04,rds_ind_04,text_or_category,Source field retained; consult the CMS data dictionary for its definition.,https://www2.ccwdata.org/documents/10280/19022436/codebook-mbsf-abcd.pdf
beneficiary_2019.csv,beneficiary,RDS_IND_05,rds_ind_05,text_or_category,Source field retained; consult the CMS data dictionary for its definition.,https://www2.ccwdata.org/documents/10280/19022436/codebook-mbsf-abcd.pdf
beneficiary_2019.csv,beneficiary,RDS_IND_06,rds_ind_06,text_or_category,Source field retained; consult the CMS data dictionary for its definition.,https://www2.ccwdata.org/documents/10280/19022436/codebook-mbsf-abcd.pdf
beneficiary_2019.csv,beneficiary,RDS_IND_07,rds_ind_07,text_or_category,Source field retained; consult the CMS data dictionary for its definition.,https://www2.ccwdata.org/documents/10280/19022436/codebook-mbsf-abcd.pdf
beneficiary_2019.csv,beneficiary,RDS_IND_08,rds_ind_08,text_or_category,Source field retained; consult the CMS data dictionary for its definition.,https://www2.ccwdata.org/documents/10280/19022436/codebook-mbsf-abcd.pdf
beneficiary_2019.csv,beneficiary,RDS_IND_09,rds_ind_09,text_or_category,Source field retained; consult the CMS data dictionary for its definition.,https://www2.ccwdata.org/documents/10280/19022436/codebook-mbsf-abcd.pdf
beneficiary_2019.csv,beneficiary,RDS_IND_10,rds_ind_10,text_or_category,Source field retained; consult the CMS data dictionary for its definition.,https://www2.ccwdata.org/documents/10280/19022436/codebook-mbsf-abcd.pdf
beneficiary_2019.csv,beneficiary,RDS_IND_11,rds_ind_11,text_or_category,Source field retained; consult the CMS data dictionary for its definition.,https://www2.ccwdata.org/documents/10280/19022436/codebook-mbsf-abcd.pdf
beneficiary_2019.csv,beneficiary,RDS_IND_12,rds_ind_12,text_or_category,Source field retained; consult the CMS data dictionary for its definition.,https://www2.ccwdata.org/documents/10280/19022436/codebook-mbsf-abcd.pdf
beneficiary_2019.csv,beneficiary,DUAL_STUS_CD_01,dual_stus_cd_01,text_or_category,Source field retained; consult the CMS data dictionary for its definition.,https://www2.ccwdata.org/documents/10280/19022436/codebook-mbsf-abcd.pdf
beneficiary_2019.csv,beneficiary,DUAL_STUS_CD_02,dual_stus_cd_02,text_or_category,Source field retained; consult the CMS data dictionary for its definition.,https://www2.ccwdata.org/documents/10280/19022436/codebook-mbsf-abcd.pdf
beneficiary_2019.csv,beneficiary,DUAL_STUS_CD_03,dual_stus_cd_03,text_or_category,Source field retained; consult the CMS data dictionary for its definition.,https://www2.ccwdata.org/documents/10280/19022436/codebook-mbsf-abcd.pdf
beneficiary_2019.csv,beneficiary,DUAL_STUS_CD_04,dual_stus_cd_04,text_or_category,Source field retained; consult the CMS data dictionary for its definition.,https://www2.ccwdata.org/documents/10280/19022436/codebook-mbsf-abcd.pdf
beneficiary_2019.csv,beneficiary,DUAL_STUS_CD_05,dual_stus_cd_05,text_or_category,Source field retained; consult the CMS data dictionary for its definition.,https://www2.ccwdata.org/documents/10280/19022436/codebook-mbsf-abcd.pdf
beneficiary_2019.csv,beneficiary,DUAL_STUS_CD_06,dual_stus_cd_06,text_or_category,Source field retained; consult the CMS data dictionary for its definition.,https://www2.ccwdata.org/documents/10280/19022436/codebook-mbsf-abcd.pdf
beneficiary_2019.csv,beneficiary,DUAL_STUS_CD_07,dual_stus_cd_07,text_or_category,Source field retained; consult the CMS data dictionary for its definition.,https://www2.ccwdata.org/documents/10280/19022436/codebook-mbsf-abcd.pdf
beneficiary_2019.csv,beneficiary,DUAL_STUS_CD_08,dual_stus_cd_08,text_or_category,Source field retained; consult the CMS data dictionary for its definition.,https://www2.ccwdata.org/documents/10280/19022436/codebook-mbsf-abcd.pdf
beneficiary_2019.csv,beneficiary,DUAL_STUS_CD_09,dual_stus_cd_09,text_or_category,Source field retained; consult the CMS data dictionary for its definition.,https://www2.ccwdata.org/documents/10280/19022436/codebook-mbsf-abcd.pdf
beneficiary_2019.csv,beneficiary,DUAL_STUS_CD_10,dual_stus_cd_10,text_or_category,Source field retained; consult the CMS data dictionary for its definition.,https://www2.ccwdata.org/documents/10280/19022436/codebook-mbsf-abcd.pdf
beneficiary_2019.csv,beneficiary,DUAL_STUS_CD_11,dual_stus_cd_11,text_or_category,Source field retained; consult the CMS data dictionary for its definition.,https://www2.ccwdata.org/documents/10280/19022436/codebook-mbsf-abcd.pdf
beneficiary_2019.csv,beneficiary,DUAL_STUS_CD_12,dual_stus_cd_12,text_or_category,Source field retained; consult the CMS data dictionary for its definition.,https://www2.ccwdata.org/documents/10280/19022436/codebook-mbsf-abcd.pdf
beneficiary_2019.csv,beneficiary,CST_SHR_GRP_CD_01,cst_shr_grp_cd_01,text_or_category,Source field retained; consult the CMS data dictionary for its definition.,https://www2.ccwdata.org/documents/10280/19022436/codebook-mbsf-abcd.pdf
beneficiary_2019.csv,beneficiary,CST_SHR_GRP_CD_02,cst_shr_grp_cd_02,text_or_category,Source field retained; consult the CMS data dictionary for its definition.,https://www2.ccwdata.org/documents/10280/19022436/codebook-mbsf-abcd.pdf
beneficiary_2019.csv,beneficiary,CST_SHR_GRP_CD_03,cst_shr_grp_cd_03,text_or_category,Source field retained; consult the CMS data dictionary for its definition.,https://www2.ccwdata.org/documents/10280/19022436/codebook-mbsf-abcd.pdf
beneficiary_2019.csv,beneficiary,CST_SHR_GRP_CD_04,cst_shr_grp_cd_04,text_or_category,Source field retained; consult the CMS data dictionary for its definition.,https://www2.ccwdata.org/documents/10280/19022436/codebook-mbsf-abcd.pdf
beneficiary_2019.csv,beneficiary,CST_SHR_GRP_CD_05,cst_shr_grp_cd_05,text_or_category,Source field retained; consult the CMS data dictionary for its definition.,https://www2.ccwdata.org/documents/10280/19022436/codebook-mbsf-abcd.pdf
beneficiary_2019.csv,beneficiary,CST_SHR_GRP_CD_06,cst_shr_grp_cd_06,text_or_category,Source field retained; consult the CMS data dictionary for its definition.,https://www2.ccwdata.org/documents/10280/19022436/codebook-mbsf-abcd.pdf
beneficiary_2019.csv,beneficiary,CST_SHR_GRP_CD_07,cst_shr_grp_cd_07,text_or_category,Source field retained; consult the CMS data dictionary for its definition.,https://www2.ccwdata.org/documents/10280/19022436/codebook-mbsf-abcd.pdf
beneficiary_2019.csv,beneficiary,CST_SHR_GRP_CD_08,cst_shr_grp_cd_08,text_or_category,Source field retained; consult the CMS data dictionary for its definition.,https://www2.ccwdata.org/documents/10280/19022436/codebook-mbsf-abcd.pdf
beneficiary_2019.csv,beneficiary,CST_SHR_GRP_CD_09,cst_shr_grp_cd_09,text_or_category,Source field retained; consult the CMS data dictionary for its definition.,https://www2.ccwdata.org/documents/10280/19022436/codebook-mbsf-abcd.pdf
beneficiary_2019.csv,beneficiary,CST_SHR_GRP_CD_10,cst_shr_grp_cd_10,text_or_category,Source field retained; consult the CMS data dictionary for its definition.,https://www2.ccwdata.org/documents/10280/19022436/codebook-mbsf-abcd.pdf
beneficiary_2019.csv,beneficiary,CST_SHR_GRP_CD_11,cst_shr_grp_cd_11,text_or_category,Source field retained; consult the CMS data dictionary for its definition.,https://www2.ccwdata.org/documents/10280/19022436/codebook-mbsf-abcd.pdf
beneficiary_2019.csv,beneficiary,CST_SHR_GRP_CD_12,cst_shr_grp_cd_12,text_or_category,Source field retained; consult the CMS data dictionary for its definition.,https://www2.ccwdata.org/documents/10280/19022436/codebook-mbsf-abcd.pdf
beneficiary_2020.csv,beneficiary,BENE_ID,bene_id,identifier_or_code,CMS synthetic beneficiary identifier; preserved as text.,https://www2.ccwdata.org/documents/10280/19022436/codebook-mbsf-abcd.pdf
beneficiary_2020.csv,beneficiary,STATE_CODE,state_code,text_or_category,Source field retained; consult the CMS data dictionary for its definition.,https://www2.ccwdata.org/documents/10280/19022436/codebook-mbsf-abcd.pdf
beneficiary_2020.csv,beneficiary,COUNTY_CD,county_cd,identifier_or_code,Source field retained; consult the CMS data dictionary for its definition.,https://www2.ccwdata.org/documents/10280/19022436/codebook-mbsf-abcd.pdf
beneficiary_2020.csv,beneficiary,ZIP_CD,zip_cd,identifier_or_code,Source field retained; consult the CMS data dictionary for its definition.,https://www2.ccwdata.org/documents/10280/19022436/codebook-mbsf-abcd.pdf
beneficiary_2020.csv,beneficiary,BENE_BIRTH_DT,bene_birth_dt,date,Source field retained; consult the CMS data dictionary for its definition.,https://www2.ccwdata.org/documents/10280/19022436/codebook-mbsf-abcd.pdf
beneficiary_2020.csv,beneficiary,SEX_IDENT_CD,sex_ident_cd,identifier_or_code,Source field retained; consult the CMS data dictionary for its definition.,https://www2.ccwdata.org/documents/10280/19022436/codebook-mbsf-abcd.pdf
beneficiary_2020.csv,beneficiary,BENE_RACE_CD,bene_race_cd,identifier_or_code,Source field retained; consult the CMS data dictionary for its definition.,https://www2.ccwdata.org/documents/10280/19022436/codebook-mbsf-abcd.pdf
beneficiary_2020.csv,beneficiary,ENTLMT_RSN_ORIG,entlmt_rsn_orig,text_or_category,Source field retained; consult the CMS data dictionary for its definition.,https://www2.ccwdata.org/documents/10280/19022436/codebook-mbsf-abcd.pdf
beneficiary_2020.csv,beneficiary,ENTLMT_RSN_CURR,entlmt_rsn_curr,text_or_category,Source field retained; consult the CMS data dictionary for its definition.,https://www2.ccwdata.org/documents/10280/19022436/codebook-mbsf-abcd.pdf
beneficiary_2020.csv,beneficiary,ESRD_IND,esrd_ind,text_or_category,Source field retained; consult the CMS data dictionary for its definition.,https://www2.ccwdata.org/documents/10280/19022436/codebook-mbsf-abcd.pdf
beneficiary_2020.csv,beneficiary,BENE_PTA_TRMNTN_CD,bene_pta_trmntn_cd,identifier_or_code,Source field retained; consult the CMS data dictionary for its definition.,https://www2.ccwdata.org/documents/10280/19022436/codebook-mbsf-abcd.pdf
beneficiary_2020.csv,beneficiary,BENE_PTB_TRMNTN_CD,bene_ptb_trmntn_cd,identifier_or_code,Source field retained; consult the CMS data dictionary for its definition.,https://www2.ccwdata.org/documents/10280/19022436/codebook-mbsf-abcd.pdf
beneficiary_2020.csv,beneficiary,BENE_DEATH_DT,bene_death_dt,date,Source field retained; consult the CMS data dictionary for its definition.,https://www2.ccwdata.org/documents/10280/19022436/codebook-mbsf-abcd.pdf
beneficiary_2020.csv,beneficiary,BENE_ENROLLMT_REF_YR,bene_enrollmt_ref_yr,text_or_category,Source field retained; consult the CMS data dictionary for its definition.,https://www2.ccwdata.org/documents/10280/19022436/codebook-mbsf-abcd.pdf
beneficiary_2020.csv,beneficiary,BENE_HI_CVRAGE_TOT_MONS,bene_hi_cvrage_tot_mons,text_or_category,Source field retained; consult the CMS data dictionary for its definition.,https://www2.ccwdata.org/documents/10280/19022436/codebook-mbsf-abcd.pdf
beneficiary_2020.csv,beneficiary,BENE_SMI_CVRAGE_TOT_MONS,bene_smi_cvrage_tot_mons,text_or_category,Source field retained; consult the CMS data dictionary for its definition.,https://www2.ccwdata.org/documents/10280/19022436/codebook-mbsf-abcd.pdf
beneficiary_2020.csv,beneficiary,BENE_STATE_BUYIN_TOT_MONS,bene_state_buyin_tot_mons,text_or_category,Source field retained; consult the CMS data dictionary for its definition.,https://www2.ccwdata.org/documents/10280/19022436/codebook-mbsf-abcd.pdf
beneficiary_2020.csv,beneficiary,BENE_HMO_CVRAGE_TOT_MONS,bene_hmo_cvrage_tot_mons,text_or_category,Source field retained; consult the CMS data dictionary for its definition.,https://www2.ccwdata.org/documents/10280/19022436/codebook-mbsf-abcd.pdf
beneficiary_2020.csv,beneficiary,RDS_CVRG_MONS,rds_cvrg_mons,text_or_category,Source field retained; consult the CMS data dictionary for its definition.,https://www2.ccwdata.org/documents/10280/19022436/codebook-mbsf-abcd.pdf
beneficiary_2020.csv,beneficiary,ENRL_SRC,enrl_src,text_or_category,Source field retained; consult the CMS data dictionary for its definition.,https://www2.ccwdata.org/documents/10280/19022436/codebook-mbsf-abcd.pdf
beneficiary_2020.csv,beneficiary,SAMPLE_GROUP,sample_group,text_or_category,Source field retained; consult the CMS data dictionary for its definition.,https://www2.ccwdata.org/documents/10280/19022436/codebook-mbsf-abcd.pdf
beneficiary_2020.csv,beneficiary,ENHANCED_FIVE_PERCENT_FLAG,enhanced_five_percent_flag,text_or_category,Source field retained; consult the CMS data dictionary for its definition.,https://www2.ccwdata.org/documents/10280/19022436/codebook-mbsf-abcd.pdf
beneficiary_2020.csv,beneficiary,CRNT_BIC_CD,crnt_bic_cd,identifier_or_code,Source field retained; consult the CMS data dictionary for its definition.,https://www2.ccwdata.org/documents/10280/19022436/codebook-mbsf-abcd.pdf
beneficiary_2020.csv,beneficiary,AGE_AT_END_REF_YR,age_at_end_ref_yr,text_or_category,Source field retained; consult the CMS data dictionary for its definition.,https://www2.ccwdata.org/documents/10280/19022436/codebook-mbsf-abcd.pdf
beneficiary_2020.csv,beneficiary,COVSTART,covstart,text_or_category,Source field retained; consult the CMS data dictionary for its definition.,https://www2.ccwdata.org/documents/10280/19022436/codebook-mbsf-abcd.pdf
beneficiary_2020.csv,beneficiary,DUAL_ELGBL_MONS,dual_elgbl_mons,text_or_category,Source field retained; consult the CMS data dictionary for its definition.,https://www2.ccwdata.org/documents/10280/19022436/codebook-mbsf-abcd.pdf
beneficiary_2020.csv,beneficiary,STATE_CNTY_FIPS_CD_01,state_cnty_fips_cd_01,text_or_category,Source field retained; consult the CMS data dictionary for its definition.,https://www2.ccwdata.org/documents/10280/19022436/codebook-mbsf-abcd.pdf
beneficiary_2020.csv,beneficiary,STATE_CNTY_FIPS_CD_02,state_cnty_fips_cd_02,text_or_category,Source field retained; consult the CMS data dictionary for its definition.,https://www2.ccwdata.org/documents/10280/19022436/codebook-mbsf-abcd.pdf
beneficiary_2020.csv,beneficiary,STATE_CNTY_FIPS_CD_03,state_cnty_fips_cd_03,text_or_category,Source field retained; consult the CMS data dictionary for its definition.,https://www2.ccwdata.org/documents/10280/19022436/codebook-mbsf-abcd.pdf
beneficiary_2020.csv,beneficiary,STATE_CNTY_FIPS_CD_04,state_cnty_fips_cd_04,text_or_category,Source field retained; consult the CMS data dictionary for its definition.,https://www2.ccwdata.org/documents/10280/19022436/codebook-mbsf-abcd.pdf
beneficiary_2020.csv,beneficiary,STATE_CNTY_FIPS_CD_05,state_cnty_fips_cd_05,text_or_category,Source field retained; consult the CMS data dictionary for its definition.,https://www2.ccwdata.org/documents/10280/19022436/codebook-mbsf-abcd.pdf
beneficiary_2020.csv,beneficiary,STATE_CNTY_FIPS_CD_06,state_cnty_fips_cd_06,text_or_category,Source field retained; consult the CMS data dictionary for its definition.,https://www2.ccwdata.org/documents/10280/19022436/codebook-mbsf-abcd.pdf
beneficiary_2020.csv,beneficiary,STATE_CNTY_FIPS_CD_07,state_cnty_fips_cd_07,text_or_category,Source field retained; consult the CMS data dictionary for its definition.,https://www2.ccwdata.org/documents/10280/19022436/codebook-mbsf-abcd.pdf
beneficiary_2020.csv,beneficiary,STATE_CNTY_FIPS_CD_08,state_cnty_fips_cd_08,text_or_category,Source field retained; consult the CMS data dictionary for its definition.,https://www2.ccwdata.org/documents/10280/19022436/codebook-mbsf-abcd.pdf
beneficiary_2020.csv,beneficiary,STATE_CNTY_FIPS_CD_09,state_cnty_fips_cd_09,text_or_category,Source field retained; consult the CMS data dictionary for its definition.,https://www2.ccwdata.org/documents/10280/19022436/codebook-mbsf-abcd.pdf
beneficiary_2020.csv,beneficiary,STATE_CNTY_FIPS_CD_10,state_cnty_fips_cd_10,text_or_category,Source field retained; consult the CMS data dictionary for its definition.,https://www2.ccwdata.org/documents/10280/19022436/codebook-mbsf-abcd.pdf
beneficiary_2020.csv,beneficiary,STATE_CNTY_FIPS_CD_11,state_cnty_fips_cd_11,text_or_category,Source field retained; consult the CMS data dictionary for its definition.,https://www2.ccwdata.org/documents/10280/19022436/codebook-mbsf-abcd.pdf
beneficiary_2020.csv,beneficiary,STATE_CNTY_FIPS_CD_12,state_cnty_fips_cd_12,text_or_category,Source field retained; consult the CMS data dictionary for its definition.,https://www2.ccwdata.org/documents/10280/19022436/codebook-mbsf-abcd.pdf
beneficiary_2020.csv,beneficiary,VALID_DEATH_DT_SW,valid_death_dt_sw,text_or_category,Source field retained; consult the CMS data dictionary for its definition.,https://www2.ccwdata.org/documents/10280/19022436/codebook-mbsf-abcd.pdf
beneficiary_2020.csv,beneficiary,RTI_RACE_CD,rti_race_cd,identifier_or_code,Source field retained; consult the CMS data dictionary for its definition.,https://www2.ccwdata.org/documents/10280/19022436/codebook-mbsf-abcd.pdf
beneficiary_2020.csv,beneficiary,MDCR_STATUS_CODE_01,mdcr_status_code_01,identifier_or_code,Source field retained; consult the CMS data dictionary for its definition.,https://www2.ccwdata.org/documents/10280/19022436/codebook-mbsf-abcd.pdf
beneficiary_2020.csv,beneficiary,MDCR_STATUS_CODE_02,mdcr_status_code_02,identifier_or_code,Source field retained; consult the CMS data dictionary for its definition.,https://www2.ccwdata.org/documents/10280/19022436/codebook-mbsf-abcd.pdf
beneficiary_2020.csv,beneficiary,MDCR_STATUS_CODE_03,mdcr_status_code_03,identifier_or_code,Source field retained; consult the CMS data dictionary for its definition.,https://www2.ccwdata.org/documents/10280/19022436/codebook-mbsf-abcd.pdf
beneficiary_2020.csv,beneficiary,MDCR_STATUS_CODE_04,mdcr_status_code_04,identifier_or_code,Source field retained; consult the CMS data dictionary for its definition.,https://www2.ccwdata.org/documents/10280/19022436/codebook-mbsf-abcd.pdf
beneficiary_2020.csv,beneficiary,MDCR_STATUS_CODE_05,mdcr_status_code_05,identifier_or_code,Source field retained; consult the CMS data dictionary for its definition.,https://www2.ccwdata.org/documents/10280/19022436/codebook-mbsf-abcd.pdf
beneficiary_2020.csv,beneficiary,MDCR_STATUS_CODE_06,mdcr_status_code_06,identifier_or_code,Source field retained; consult the CMS data dictionary for its definition.,https://www2.ccwdata.org/documents/10280/19022436/codebook-mbsf-abcd.pdf
beneficiary_2020.csv,beneficiary,MDCR_STATUS_CODE_07,mdcr_status_code_07,identifier_or_code,Source field retained; consult the CMS data dictionary for its definition.,https://www2.ccwdata.org/documents/10280/19022436/codebook-mbsf-abcd.pdf
beneficiary_2020.csv,beneficiary,MDCR_STATUS_CODE_08,mdcr_status_code_08,identifier_or_code,Source field retained; consult the CMS data dictionary for its definition.,https://www2.ccwdata.org/documents/10280/19022436/codebook-mbsf-abcd.pdf
beneficiary_2020.csv,beneficiary,MDCR_STATUS_CODE_09,mdcr_status_code_09,identifier_or_code,Source field retained; consult the CMS data dictionary for its definition.,https://www2.ccwdata.org/documents/10280/19022436/codebook-mbsf-abcd.pdf
beneficiary_2020.csv,beneficiary,MDCR_STATUS_CODE_10,mdcr_status_code_10,identifier_or_code,Source field retained; consult the CMS data dictionary for its definition.,https://www2.ccwdata.org/documents/10280/19022436/codebook-mbsf-abcd.pdf
beneficiary_2020.csv,beneficiary,MDCR_STATUS_CODE_11,mdcr_status_code_11,identifier_or_code,Source field retained; consult the CMS data dictionary for its definition.,https://www2.ccwdata.org/documents/10280/19022436/codebook-mbsf-abcd.pdf
beneficiary_2020.csv,beneficiary,MDCR_STATUS_CODE_12,mdcr_status_code_12,identifier_or_code,Source field retained; consult the CMS data dictionary for its definition.,https://www2.ccwdata.org/documents/10280/19022436/codebook-mbsf-abcd.pdf
beneficiary_2020.csv,beneficiary,PTD_PLAN_CVRG_MONS,ptd_plan_cvrg_mons,text_or_category,Source field retained; consult the CMS data dictionary for its definition.,https://www2.ccwdata.org/documents/10280/19022436/codebook-mbsf-abcd.pdf
beneficiary_2020.csv,beneficiary,MDCR_ENTLMT_BUYIN_IND_01,mdcr_entlmt_buyin_ind_01,text_or_category,Source field retained; consult the CMS data dictionary for its definition.,https://www2.ccwdata.org/documents/10280/19022436/codebook-mbsf-abcd.pdf
beneficiary_2020.csv,beneficiary,MDCR_ENTLMT_BUYIN_IND_02,mdcr_entlmt_buyin_ind_02,text_or_category,Source field retained; consult the CMS data dictionary for its definition.,https://www2.ccwdata.org/documents/10280/19022436/codebook-mbsf-abcd.pdf
beneficiary_2020.csv,beneficiary,MDCR_ENTLMT_BUYIN_IND_03,mdcr_entlmt_buyin_ind_03,text_or_category,Source field retained; consult the CMS data dictionary for its definition.,https://www2.ccwdata.org/documents/10280/19022436/codebook-mbsf-abcd.pdf
beneficiary_2020.csv,beneficiary,MDCR_ENTLMT_BUYIN_IND_04,mdcr_entlmt_buyin_ind_04,text_or_category,Source field retained; consult the CMS data dictionary for its definition.,https://www2.ccwdata.org/documents/10280/19022436/codebook-mbsf-abcd.pdf
beneficiary_2020.csv,beneficiary,MDCR_ENTLMT_BUYIN_IND_05,mdcr_entlmt_buyin_ind_05,text_or_category,Source field retained; consult the CMS data dictionary for its definition.,https://www2.ccwdata.org/documents/10280/19022436/codebook-mbsf-abcd.pdf
beneficiary_2020.csv,beneficiary,MDCR_ENTLMT_BUYIN_IND_06,mdcr_entlmt_buyin_ind_06,text_or_category,Source field retained; consult the CMS data dictionary for its definition.,https://www2.ccwdata.org/documents/10280/19022436/codebook-mbsf-abcd.pdf
beneficiary_2020.csv,beneficiary,MDCR_ENTLMT_BUYIN_IND_07,mdcr_entlmt_buyin_ind_07,text_or_category,Source field retained; consult the CMS data dictionary for its definition.,https://www2.ccwdata.org/documents/10280/19022436/codebook-mbsf-abcd.pdf
beneficiary_2020.csv,beneficiary,MDCR_ENTLMT_BUYIN_IND_08,mdcr_entlmt_buyin_ind_08,text_or_category,Source field retained; consult the CMS data dictionary for its definition.,https://www2.ccwdata.org/documents/10280/19022436/codebook-mbsf-abcd.pdf
beneficiary_2020.csv,beneficiary,MDCR_ENTLMT_BUYIN_IND_09,mdcr_entlmt_buyin_ind_09,text_or_category,Source field retained; consult the CMS data dictionary for its definition.,https://www2.ccwdata.org/documents/10280/19022436/codebook-mbsf-abcd.pdf
beneficiary_2020.csv,beneficiary,MDCR_ENTLMT_BUYIN_IND_10,mdcr_entlmt_buyin_ind_10,text_or_category,Source field retained; consult the CMS data dictionary for its definition.,https://www2.ccwdata.org/documents/10280/19022436/codebook-mbsf-abcd.pdf
beneficiary_2020.csv,beneficiary,MDCR_ENTLMT_BUYIN_IND_11,mdcr_entlmt_buyin_ind_11,text_or_category,Source field retained; consult the CMS data dictionary for its definition.,https://www2.ccwdata.org/documents/10280/19022436/codebook-mbsf-abcd.pdf
beneficiary_2020.csv,beneficiary,MDCR_ENTLMT_BUYIN_IND_12,mdcr_entlmt_buyin_ind_12,text_or_category,Source field retained; consult the CMS data dictionary for its definition.,https://www2.ccwdata.org/documents/10280/19022436/codebook-mbsf-abcd.pdf
beneficiary_2020.csv,beneficiary,HMO_IND_01,hmo_ind_01,text_or_category,Source field retained; consult the CMS data dictionary for its definition.,https://www2.ccwdata.org/documents/10280/19022436/codebook-mbsf-abcd.pdf
beneficiary_2020.csv,beneficiary,HMO_IND_02,hmo_ind_02,text_or_category,Source field retained; consult the CMS data dictionary for its definition.,https://www2.ccwdata.org/documents/10280/19022436/codebook-mbsf-abcd.pdf
beneficiary_2020.csv,beneficiary,HMO_IND_03,hmo_ind_03,text_or_category,Source field retained; consult the CMS data dictionary for its definition.,https://www2.ccwdata.org/documents/10280/19022436/codebook-mbsf-abcd.pdf
beneficiary_2020.csv,beneficiary,HMO_IND_04,hmo_ind_04,text_or_category,Source field retained; consult the CMS data dictionary for its definition.,https://www2.ccwdata.org/documents/10280/19022436/codebook-mbsf-abcd.pdf
beneficiary_2020.csv,beneficiary,HMO_IND_05,hmo_ind_05,text_or_category,Source field retained; consult the CMS data dictionary for its definition.,https://www2.ccwdata.org/documents/10280/19022436/codebook-mbsf-abcd.pdf
beneficiary_2020.csv,beneficiary,HMO_IND_06,hmo_ind_06,text_or_category,Source field retained; consult the CMS data dictionary for its definition.,https://www2.ccwdata.org/documents/10280/19022436/codebook-mbsf-abcd.pdf
beneficiary_2020.csv,beneficiary,HMO_IND_07,hmo_ind_07,text_or_category,Source field retained; consult the CMS data dictionary for its definition.,https://www2.ccwdata.org/documents/10280/19022436/codebook-mbsf-abcd.pdf
beneficiary_2020.csv,beneficiary,HMO_IND_08,hmo_ind_08,text_or_category,Source field retained; consult the CMS data dictionary for its definition.,https://www2.ccwdata.org/documents/10280/19022436/codebook-mbsf-abcd.pdf
beneficiary_2020.csv,beneficiary,HMO_IND_09,hmo_ind_09,text_or_category,Source field retained; consult the CMS data dictionary for its definition.,https://www2.ccwdata.org/documents/10280/19022436/codebook-mbsf-abcd.pdf
beneficiary_2020.csv,beneficiary,HMO_IND_10,hmo_ind_10,text_or_category,Source field retained; consult the CMS data dictionary for its definition.,https://www2.ccwdata.org/documents/10280/19022436/codebook-mbsf-abcd.pdf
beneficiary_2020.csv,beneficiary,HMO_IND_11,hmo_ind_11,text_or_category,Source field retained; consult the CMS data dictionary for its definition.,https://www2.ccwdata.org/documents/10280/19022436/codebook-mbsf-abcd.pdf
beneficiary_2020.csv,beneficiary,HMO_IND_12,hmo_ind_12,text_or_category,Source field retained; consult the CMS data dictionary for its definition.,https://www2.ccwdata.org/documents/10280/19022436/codebook-mbsf-abcd.pdf
beneficiary_2020.csv,beneficiary,PTC_CNTRCT_ID_01,ptc_cntrct_id_01,text_or_category,Source field retained; consult the CMS data dictionary for its definition.,https://www2.ccwdata.org/documents/10280/19022436/codebook-mbsf-abcd.pdf
beneficiary_2020.csv,beneficiary,PTC_CNTRCT_ID_02,ptc_cntrct_id_02,text_or_category,Source field retained; consult the CMS data dictionary for its definition.,https://www2.ccwdata.org/documents/10280/19022436/codebook-mbsf-abcd.pdf
beneficiary_2020.csv,beneficiary,PTC_CNTRCT_ID_03,ptc_cntrct_id_03,text_or_category,Source field retained; consult the CMS data dictionary for its definition.,https://www2.ccwdata.org/documents/10280/19022436/codebook-mbsf-abcd.pdf
beneficiary_2020.csv,beneficiary,PTC_CNTRCT_ID_04,ptc_cntrct_id_04,text_or_category,Source field retained; consult the CMS data dictionary for its definition.,https://www2.ccwdata.org/documents/10280/19022436/codebook-mbsf-abcd.pdf
beneficiary_2020.csv,beneficiary,PTC_CNTRCT_ID_05,ptc_cntrct_id_05,text_or_category,Source field retained; consult the CMS data dictionary for its definition.,https://www2.ccwdata.org/documents/10280/19022436/codebook-mbsf-abcd.pdf
beneficiary_2020.csv,beneficiary,PTC_CNTRCT_ID_06,ptc_cntrct_id_06,text_or_category,Source field retained; consult the CMS data dictionary for its definition.,https://www2.ccwdata.org/documents/10280/19022436/codebook-mbsf-abcd.pdf
beneficiary_2020.csv,beneficiary,PTC_CNTRCT_ID_07,ptc_cntrct_id_07,text_or_category,Source field retained; consult the CMS data dictionary for its definition.,https://www2.ccwdata.org/documents/10280/19022436/codebook-mbsf-abcd.pdf
beneficiary_2020.csv,beneficiary,PTC_CNTRCT_ID_08,ptc_cntrct_id_08,text_or_category,Source field retained; consult the CMS data dictionary for its definition.,https://www2.ccwdata.org/documents/10280/19022436/codebook-mbsf-abcd.pdf
beneficiary_2020.csv,beneficiary,PTC_CNTRCT_ID_09,ptc_cntrct_id_09,text_or_category,Source field retained; consult the CMS data dictionary for its definition.,https://www2.ccwdata.org/documents/10280/19022436/codebook-mbsf-abcd.pdf
beneficiary_2020.csv,beneficiary,PTC_CNTRCT_ID_10,ptc_cntrct_id_10,text_or_category,Source field retained; consult the CMS data dictionary for its definition.,https://www2.ccwdata.org/documents/10280/19022436/codebook-mbsf-abcd.pdf
beneficiary_2020.csv,beneficiary,PTC_CNTRCT_ID_11,ptc_cntrct_id_11,text_or_category,Source field retained; consult the CMS data dictionary for its definition.,https://www2.ccwdata.org/documents/10280/19022436/codebook-mbsf-abcd.pdf
beneficiary_2020.csv,beneficiary,PTC_CNTRCT_ID_12,ptc_cntrct_id_12,text_or_category,Source field retained; consult the CMS data dictionary for its definition.,https://www2.ccwdata.org/documents/10280/19022436/codebook-mbsf-abcd.pdf
beneficiary_2020.csv,beneficiary,PTC_PBP_ID_01,ptc_pbp_id_01,text_or_category,Source field retained; consult the CMS data dictionary for its definition.,https://www2.ccwdata.org/documents/10280/19022436/codebook-mbsf-abcd.pdf
beneficiary_2020.csv,beneficiary,PTC_PBP_ID_02,ptc_pbp_id_02,text_or_category,Source field retained; consult the CMS data dictionary for its definition.,https://www2.ccwdata.org/documents/10280/19022436/codebook-mbsf-abcd.pdf
beneficiary_2020.csv,beneficiary,PTC_PBP_ID_03,ptc_pbp_id_03,text_or_category,Source field retained; consult the CMS data dictionary for its definition.,https://www2.ccwdata.org/documents/10280/19022436/codebook-mbsf-abcd.pdf
beneficiary_2020.csv,beneficiary,PTC_PBP_ID_04,ptc_pbp_id_04,text_or_category,Source field retained; consult the CMS data dictionary for its definition.,https://www2.ccwdata.org/documents/10280/19022436/codebook-mbsf-abcd.pdf
beneficiary_2020.csv,beneficiary,PTC_PBP_ID_05,ptc_pbp_id_05,text_or_category,Source field retained; consult the CMS data dictionary for its definition.,https://www2.ccwdata.org/documents/10280/19022436/codebook-mbsf-abcd.pdf
beneficiary_2020.csv,beneficiary,PTC_PBP_ID_06,ptc_pbp_id_06,text_or_category,Source field retained; consult the CMS data dictionary for its definition.,https://www2.ccwdata.org/documents/10280/19022436/codebook-mbsf-abcd.pdf
beneficiary_2020.csv,beneficiary,PTC_PBP_ID_07,ptc_pbp_id_07,text_or_category,Source field retained; consult the CMS data dictionary for its definition.,https://www2.ccwdata.org/documents/10280/19022436/codebook-mbsf-abcd.pdf
beneficiary_2020.csv,beneficiary,PTC_PBP_ID_08,ptc_pbp_id_08,text_or_category,Source field retained; consult the CMS data dictionary for its definition.,https://www2.ccwdata.org/documents/10280/19022436/codebook-mbsf-abcd.pdf
beneficiary_2020.csv,beneficiary,PTC_PBP_ID_09,ptc_pbp_id_09,text_or_category,Source field retained; consult the CMS data dictionary for its definition.,https://www2.ccwdata.org/documents/10280/19022436/codebook-mbsf-abcd.pdf
beneficiary_2020.csv,beneficiary,PTC_PBP_ID_10,ptc_pbp_id_10,text_or_category,Source field retained; consult the CMS data dictionary for its definition.,https://www2.ccwdata.org/documents/10280/19022436/codebook-mbsf-abcd.pdf
beneficiary_2020.csv,beneficiary,PTC_PBP_ID_11,ptc_pbp_id_11,text_or_category,Source field retained; consult the CMS data dictionary for its definition.,https://www2.ccwdata.org/documents/10280/19022436/codebook-mbsf-abcd.pdf
beneficiary_2020.csv,beneficiary,PTC_PBP_ID_12,ptc_pbp_id_12,text_or_category,Source field retained; consult the CMS data dictionary for its definition.,https://www2.ccwdata.org/documents/10280/19022436/codebook-mbsf-abcd.pdf
beneficiary_2020.csv,beneficiary,PTC_PLAN_TYPE_CD_01,ptc_plan_type_cd_01,text_or_category,Source field retained; consult the CMS data dictionary for its definition.,https://www2.ccwdata.org/documents/10280/19022436/codebook-mbsf-abcd.pdf
beneficiary_2020.csv,beneficiary,PTC_PLAN_TYPE_CD_02,ptc_plan_type_cd_02,text_or_category,Source field retained; consult the CMS data dictionary for its definition.,https://www2.ccwdata.org/documents/10280/19022436/codebook-mbsf-abcd.pdf
beneficiary_2020.csv,beneficiary,PTC_PLAN_TYPE_CD_03,ptc_plan_type_cd_03,text_or_category,Source field retained; consult the CMS data dictionary for its definition.,https://www2.ccwdata.org/documents/10280/19022436/codebook-mbsf-abcd.pdf
beneficiary_2020.csv,beneficiary,PTC_PLAN_TYPE_CD_04,ptc_plan_type_cd_04,text_or_category,Source field retained; consult the CMS data dictionary for its definition.,https://www2.ccwdata.org/documents/10280/19022436/codebook-mbsf-abcd.pdf
beneficiary_2020.csv,beneficiary,PTC_PLAN_TYPE_CD_05,ptc_plan_type_cd_05,text_or_category,Source field retained; consult the CMS data dictionary for its definition.,https://www2.ccwdata.org/documents/10280/19022436/codebook-mbsf-abcd.pdf
beneficiary_2020.csv,beneficiary,PTC_PLAN_TYPE_CD_06,ptc_plan_type_cd_06,text_or_category,Source field retained; consult the CMS data dictionary for its definition.,https://www2.ccwdata.org/documents/10280/19022436/codebook-mbsf-abcd.pdf
beneficiary_2020.csv,beneficiary,PTC_PLAN_TYPE_CD_07,ptc_plan_type_cd_07,text_or_category,Source field retained; consult the CMS data dictionary for its definition.,https://www2.ccwdata.org/documents/10280/19022436/codebook-mbsf-abcd.pdf
beneficiary_2020.csv,beneficiary,PTC_PLAN_TYPE_CD_08,ptc_plan_type_cd_08,text_or_category,Source field retained; consult the CMS data dictionary for its definition.,https://www2.ccwdata.org/documents/10280/19022436/codebook-mbsf-abcd.pdf
beneficiary_2020.csv,beneficiary,PTC_PLAN_TYPE_CD_09,ptc_plan_type_cd_09,text_or_category,Source field retained; consult the CMS data dictionary for its definition.,https://www2.ccwdata.org/documents/10280/19022436/codebook-mbsf-abcd.pdf
beneficiary_2020.csv,beneficiary,PTC_PLAN_TYPE_CD_10,ptc_plan_type_cd_10,text_or_category,Source field retained; consult the CMS data dictionary for its definition.,https://www2.ccwdata.org/documents/10280/19022436/codebook-mbsf-abcd.pdf
beneficiary_2020.csv,beneficiary,PTC_PLAN_TYPE_CD_11,ptc_plan_type_cd_11,text_or_category,Source field retained; consult the CMS data dictionary for its definition.,https://www2.ccwdata.org/documents/10280/19022436/codebook-mbsf-abcd.pdf
beneficiary_2020.csv,beneficiary,PTC_PLAN_TYPE_CD_12,ptc_plan_type_cd_12,text_or_category,Source field retained; consult the CMS data dictionary for its definition.,https://www2.ccwdata.org/documents/10280/19022436/codebook-mbsf-abcd.pdf
beneficiary_2020.csv,beneficiary,PTD_CNTRCT_ID_01,ptd_cntrct_id_01,text_or_category,Source field retained; consult the CMS data dictionary for its definition.,https://www2.ccwdata.org/documents/10280/19022436/codebook-mbsf-abcd.pdf
beneficiary_2020.csv,beneficiary,PTD_CNTRCT_ID_02,ptd_cntrct_id_02,text_or_category,Source field retained; consult the CMS data dictionary for its definition.,https://www2.ccwdata.org/documents/10280/19022436/codebook-mbsf-abcd.pdf
beneficiary_2020.csv,beneficiary,PTD_CNTRCT_ID_03,ptd_cntrct_id_03,text_or_category,Source field retained; consult the CMS data dictionary for its definition.,https://www2.ccwdata.org/documents/10280/19022436/codebook-mbsf-abcd.pdf
beneficiary_2020.csv,beneficiary,PTD_CNTRCT_ID_04,ptd_cntrct_id_04,text_or_category,Source field retained; consult the CMS data dictionary for its definition.,https://www2.ccwdata.org/documents/10280/19022436/codebook-mbsf-abcd.pdf
beneficiary_2020.csv,beneficiary,PTD_CNTRCT_ID_05,ptd_cntrct_id_05,text_or_category,Source field retained; consult the CMS data dictionary for its definition.,https://www2.ccwdata.org/documents/10280/19022436/codebook-mbsf-abcd.pdf
beneficiary_2020.csv,beneficiary,PTD_CNTRCT_ID_06,ptd_cntrct_id_06,text_or_category,Source field retained; consult the CMS data dictionary for its definition.,https://www2.ccwdata.org/documents/10280/19022436/codebook-mbsf-abcd.pdf
beneficiary_2020.csv,beneficiary,PTD_CNTRCT_ID_07,ptd_cntrct_id_07,text_or_category,Source field retained; consult the CMS data dictionary for its definition.,https://www2.ccwdata.org/documents/10280/19022436/codebook-mbsf-abcd.pdf
beneficiary_2020.csv,beneficiary,PTD_CNTRCT_ID_08,ptd_cntrct_id_08,text_or_category,Source field retained; consult the CMS data dictionary for its definition.,https://www2.ccwdata.org/documents/10280/19022436/codebook-mbsf-abcd.pdf
beneficiary_2020.csv,beneficiary,PTD_CNTRCT_ID_09,ptd_cntrct_id_09,text_or_category,Source field retained; consult the CMS data dictionary for its definition.,https://www2.ccwdata.org/documents/10280/19022436/codebook-mbsf-abcd.pdf
beneficiary_2020.csv,beneficiary,PTD_CNTRCT_ID_10,ptd_cntrct_id_10,text_or_category,Source field retained; consult the CMS data dictionary for its definition.,https://www2.ccwdata.org/documents/10280/19022436/codebook-mbsf-abcd.pdf
beneficiary_2020.csv,beneficiary,PTD_CNTRCT_ID_11,ptd_cntrct_id_11,text_or_category,Source field retained; consult the CMS data dictionary for its definition.,https://www2.ccwdata.org/documents/10280/19022436/codebook-mbsf-abcd.pdf
beneficiary_2020.csv,beneficiary,PTD_CNTRCT_ID_12,ptd_cntrct_id_12,text_or_category,Source field retained; consult the CMS data dictionary for its definition.,https://www2.ccwdata.org/documents/10280/19022436/codebook-mbsf-abcd.pdf
beneficiary_2020.csv,beneficiary,PTD_PBP_ID_01,ptd_pbp_id_01,text_or_category,Source field retained; consult the CMS data dictionary for its definition.,https://www2.ccwdata.org/documents/10280/19022436/codebook-mbsf-abcd.pdf
beneficiary_2020.csv,beneficiary,PTD_PBP_ID_02,ptd_pbp_id_02,text_or_category,Source field retained; consult the CMS data dictionary for its definition.,https://www2.ccwdata.org/documents/10280/19022436/codebook-mbsf-abcd.pdf
beneficiary_2020.csv,beneficiary,PTD_PBP_ID_03,ptd_pbp_id_03,text_or_category,Source field retained; consult the CMS data dictionary for its definition.,https://www2.ccwdata.org/documents/10280/19022436/codebook-mbsf-abcd.pdf
beneficiary_2020.csv,beneficiary,PTD_PBP_ID_04,ptd_pbp_id_04,text_or_category,Source field retained; consult the CMS data dictionary for its definition.,https://www2.ccwdata.org/documents/10280/19022436/codebook-mbsf-abcd.pdf
beneficiary_2020.csv,beneficiary,PTD_PBP_ID_05,ptd_pbp_id_05,text_or_category,Source field retained; consult the CMS data dictionary for its definition.,https://www2.ccwdata.org/documents/10280/19022436/codebook-mbsf-abcd.pdf
beneficiary_2020.csv,beneficiary,PTD_PBP_ID_06,ptd_pbp_id_06,text_or_category,Source field retained; consult the CMS data dictionary for its definition.,https://www2.ccwdata.org/documents/10280/19022436/codebook-mbsf-abcd.pdf
beneficiary_2020.csv,beneficiary,PTD_PBP_ID_07,ptd_pbp_id_07,text_or_category,Source field retained; consult the CMS data dictionary for its definition.,https://www2.ccwdata.org/documents/10280/19022436/codebook-mbsf-abcd.pdf
beneficiary_2020.csv,beneficiary,PTD_PBP_ID_08,ptd_pbp_id_08,text_or_category,Source field retained; consult the CMS data dictionary for its definition.,https://www2.ccwdata.org/documents/10280/19022436/codebook-mbsf-abcd.pdf
beneficiary_2020.csv,beneficiary,PTD_PBP_ID_09,ptd_pbp_id_09,text_or_category,Source field retained; consult the CMS data dictionary for its definition.,https://www2.ccwdata.org/documents/10280/19022436/codebook-mbsf-abcd.pdf
beneficiary_2020.csv,beneficiary,PTD_PBP_ID_10,ptd_pbp_id_10,text_or_category,Source field retained; consult the CMS data dictionary for its definition.,https://www2.ccwdata.org/documents/10280/19022436/codebook-mbsf-abcd.pdf
beneficiary_2020.csv,beneficiary,PTD_PBP_ID_11,ptd_pbp_id_11,text_or_category,Source field retained; consult the CMS data dictionary for its definition.,https://www2.ccwdata.org/documents/10280/19022436/codebook-mbsf-abcd.pdf
beneficiary_2020.csv,beneficiary,PTD_PBP_ID_12,ptd_pbp_id_12,text_or_category,Source field retained; consult the CMS data dictionary for its definition.,https://www2.ccwdata.org/documents/10280/19022436/codebook-mbsf-abcd.pdf
beneficiary_2020.csv,beneficiary,PTD_SGMT_ID_01,ptd_sgmt_id_01,text_or_category,Source field retained; consult the CMS data dictionary for its definition.,https://www2.ccwdata.org/documents/10280/19022436/codebook-mbsf-abcd.pdf
beneficiary_2020.csv,beneficiary,PTD_SGMT_ID_02,ptd_sgmt_id_02,text_or_category,Source field retained; consult the CMS data dictionary for its definition.,https://www2.ccwdata.org/documents/10280/19022436/codebook-mbsf-abcd.pdf
beneficiary_2020.csv,beneficiary,PTD_SGMT_ID_03,ptd_sgmt_id_03,text_or_category,Source field retained; consult the CMS data dictionary for its definition.,https://www2.ccwdata.org/documents/10280/19022436/codebook-mbsf-abcd.pdf
beneficiary_2020.csv,beneficiary,PTD_SGMT_ID_04,ptd_sgmt_id_04,text_or_category,Source field retained; consult the CMS data dictionary for its definition.,https://www2.ccwdata.org/documents/10280/19022436/codebook-mbsf-abcd.pdf
beneficiary_2020.csv,beneficiary,PTD_SGMT_ID_05,ptd_sgmt_id_05,text_or_category,Source field retained; consult the CMS data dictionary for its definition.,https://www2.ccwdata.org/documents/10280/19022436/codebook-mbsf-abcd.pdf
beneficiary_2020.csv,beneficiary,PTD_SGMT_ID_06,ptd_sgmt_id_06,text_or_category,Source field retained; consult the CMS data dictionary for its definition.,https://www2.ccwdata.org/documents/10280/19022436/codebook-mbsf-abcd.pdf
beneficiary_2020.csv,beneficiary,PTD_SGMT_ID_07,ptd_sgmt_id_07,text_or_category,Source field retained; consult the CMS data dictionary for its definition.,https://www2.ccwdata.org/documents/10280/19022436/codebook-mbsf-abcd.pdf
beneficiary_2020.csv,beneficiary,PTD_SGMT_ID_08,ptd_sgmt_id_08,text_or_category,Source field retained; consult the CMS data dictionary for its definition.,https://www2.ccwdata.org/documents/10280/19022436/codebook-mbsf-abcd.pdf
beneficiary_2020.csv,beneficiary,PTD_SGMT_ID_09,ptd_sgmt_id_09,text_or_category,Source field retained; consult the CMS data dictionary for its definition.,https://www2.ccwdata.org/documents/10280/19022436/codebook-mbsf-abcd.pdf
beneficiary_2020.csv,beneficiary,PTD_SGMT_ID_10,ptd_sgmt_id_10,text_or_category,Source field retained; consult the CMS data dictionary for its definition.,https://www2.ccwdata.org/documents/10280/19022436/codebook-mbsf-abcd.pdf
beneficiary_2020.csv,beneficiary,PTD_SGMT_ID_11,ptd_sgmt_id_11,text_or_category,Source field retained; consult the CMS data dictionary for its definition.,https://www2.ccwdata.org/documents/10280/19022436/codebook-mbsf-abcd.pdf
beneficiary_2020.csv,beneficiary,PTD_SGMT_ID_12,ptd_sgmt_id_12,text_or_category,Source field retained; consult the CMS data dictionary for its definition.,https://www2.ccwdata.org/documents/10280/19022436/codebook-mbsf-abcd.pdf
beneficiary_2020.csv,beneficiary,RDS_IND_01,rds_ind_01,text_or_category,Source field retained; consult the CMS data dictionary for its definition.,https://www2.ccwdata.org/documents/10280/19022436/codebook-mbsf-abcd.pdf
beneficiary_2020.csv,beneficiary,RDS_IND_02,rds_ind_02,text_or_category,Source field retained; consult the CMS data dictionary for its definition.,https://www2.ccwdata.org/documents/10280/19022436/codebook-mbsf-abcd.pdf
beneficiary_2020.csv,beneficiary,RDS_IND_03,rds_ind_03,text_or_category,Source field retained; consult the CMS data dictionary for its definition.,https://www2.ccwdata.org/documents/10280/19022436/codebook-mbsf-abcd.pdf
beneficiary_2020.csv,beneficiary,RDS_IND_04,rds_ind_04,text_or_category,Source field retained; consult the CMS data dictionary for its definition.,https://www2.ccwdata.org/documents/10280/19022436/codebook-mbsf-abcd.pdf
beneficiary_2020.csv,beneficiary,RDS_IND_05,rds_ind_05,text_or_category,Source field retained; consult the CMS data dictionary for its definition.,https://www2.ccwdata.org/documents/10280/19022436/codebook-mbsf-abcd.pdf
beneficiary_2020.csv,beneficiary,RDS_IND_06,rds_ind_06,text_or_category,Source field retained; consult the CMS data dictionary for its definition.,https://www2.ccwdata.org/documents/10280/19022436/codebook-mbsf-abcd.pdf
beneficiary_2020.csv,beneficiary,RDS_IND_07,rds_ind_07,text_or_category,Source field retained; consult the CMS data dictionary for its definition.,https://www2.ccwdata.org/documents/10280/19022436/codebook-mbsf-abcd.pdf
beneficiary_2020.csv,beneficiary,RDS_IND_08,rds_ind_08,text_or_category,Source field retained; consult the CMS data dictionary for its definition.,https://www2.ccwdata.org/documents/10280/19022436/codebook-mbsf-abcd.pdf
beneficiary_2020.csv,beneficiary,RDS_IND_09,rds_ind_09,text_or_category,Source field retained; consult the CMS data dictionary for its definition.,https://www2.ccwdata.org/documents/10280/19022436/codebook-mbsf-abcd.pdf
beneficiary_2020.csv,beneficiary,RDS_IND_10,rds_ind_10,text_or_category,Source field retained; consult the CMS data dictionary for its definition.,https://www2.ccwdata.org/documents/10280/19022436/codebook-mbsf-abcd.pdf
beneficiary_2020.csv,beneficiary,RDS_IND_11,rds_ind_11,text_or_category,Source field retained; consult the CMS data dictionary for its definition.,https://www2.ccwdata.org/documents/10280/19022436/codebook-mbsf-abcd.pdf
beneficiary_2020.csv,beneficiary,RDS_IND_12,rds_ind_12,text_or_category,Source field retained; consult the CMS data dictionary for its definition.,https://www2.ccwdata.org/documents/10280/19022436/codebook-mbsf-abcd.pdf
beneficiary_2020.csv,beneficiary,DUAL_STUS_CD_01,dual_stus_cd_01,text_or_category,Source field retained; consult the CMS data dictionary for its definition.,https://www2.ccwdata.org/documents/10280/19022436/codebook-mbsf-abcd.pdf
beneficiary_2020.csv,beneficiary,DUAL_STUS_CD_02,dual_stus_cd_02,text_or_category,Source field retained; consult the CMS data dictionary for its definition.,https://www2.ccwdata.org/documents/10280/19022436/codebook-mbsf-abcd.pdf
beneficiary_2020.csv,beneficiary,DUAL_STUS_CD_03,dual_stus_cd_03,text_or_category,Source field retained; consult the CMS data dictionary for its definition.,https://www2.ccwdata.org/documents/10280/19022436/codebook-mbsf-abcd.pdf
beneficiary_2020.csv,beneficiary,DUAL_STUS_CD_04,dual_stus_cd_04,text_or_category,Source field retained; consult the CMS data dictionary for its definition.,https://www2.ccwdata.org/documents/10280/19022436/codebook-mbsf-abcd.pdf
beneficiary_2020.csv,beneficiary,DUAL_STUS_CD_05,dual_stus_cd_05,text_or_category,Source field retained; consult the CMS data dictionary for its definition.,https://www2.ccwdata.org/documents/10280/19022436/codebook-mbsf-abcd.pdf
beneficiary_2020.csv,beneficiary,DUAL_STUS_CD_06,dual_stus_cd_06,text_or_category,Source field retained; consult the CMS data dictionary for its definition.,https://www2.ccwdata.org/documents/10280/19022436/codebook-mbsf-abcd.pdf
beneficiary_2020.csv,beneficiary,DUAL_STUS_CD_07,dual_stus_cd_07,text_or_category,Source field retained; consult the CMS data dictionary for its definition.,https://www2.ccwdata.org/documents/10280/19022436/codebook-mbsf-abcd.pdf
beneficiary_2020.csv,beneficiary,DUAL_STUS_CD_08,dual_stus_cd_08,text_or_category,Source field retained; consult the CMS data dictionary for its definition.,https://www2.ccwdata.org/documents/10280/19022436/codebook-mbsf-abcd.pdf
beneficiary_2020.csv,beneficiary,DUAL_STUS_CD_09,dual_stus_cd_09,text_or_category,Source field retained; consult the CMS data dictionary for its definition.,https://www2.ccwdata.org/documents/10280/19022436/codebook-mbsf-abcd.pdf
beneficiary_2020.csv,beneficiary,DUAL_STUS_CD_10,dual_stus_cd_10,text_or_category,Source field retained; consult the CMS data dictionary for its definition.,https://www2.ccwdata.org/documents/10280/19022436/codebook-mbsf-abcd.pdf
beneficiary_2020.csv,beneficiary,DUAL_STUS_CD_11,dual_stus_cd_11,text_or_category,Source field retained; consult the CMS data dictionary for its definition.,https://www2.ccwdata.org/documents/10280/19022436/codebook-mbsf-abcd.pdf
beneficiary_2020.csv,beneficiary,DUAL_STUS_CD_12,dual_stus_cd_12,text_or_category,Source field retained; consult the CMS data dictionary for its definition.,https://www2.ccwdata.org/documents/10280/19022436/codebook-mbsf-abcd.pdf
beneficiary_2020.csv,beneficiary,CST_SHR_GRP_CD_01,cst_shr_grp_cd_01,text_or_category,Source field retained; consult the CMS data dictionary for its definition.,https://www2.ccwdata.org/documents/10280/19022436/codebook-mbsf-abcd.pdf
beneficiary_2020.csv,beneficiary,CST_SHR_GRP_CD_02,cst_shr_grp_cd_02,text_or_category,Source field retained; consult the CMS data dictionary for its definition.,https://www2.ccwdata.org/documents/10280/19022436/codebook-mbsf-abcd.pdf
beneficiary_2020.csv,beneficiary,CST_SHR_GRP_CD_03,cst_shr_grp_cd_03,text_or_category,Source field retained; consult the CMS data dictionary for its definition.,https://www2.ccwdata.org/documents/10280/19022436/codebook-mbsf-abcd.pdf
beneficiary_2020.csv,beneficiary,CST_SHR_GRP_CD_04,cst_shr_grp_cd_04,text_or_category,Source field retained; consult the CMS data dictionary for its definition.,https://www2.ccwdata.org/documents/10280/19022436/codebook-mbsf-abcd.pdf
beneficiary_2020.csv,beneficiary,CST_SHR_GRP_CD_05,cst_shr_grp_cd_05,text_or_category,Source field retained; consult the CMS data dictionary for its definition.,https://www2.ccwdata.org/documents/10280/19022436/codebook-mbsf-abcd.pdf
beneficiary_2020.csv,beneficiary,CST_SHR_GRP_CD_06,cst_shr_grp_cd_06,text_or_category,Source field retained; consult the CMS data dictionary for its definition.,https://www2.ccwdata.org/documents/10280/19022436/codebook-mbsf-abcd.pdf
beneficiary_2020.csv,beneficiary,CST_SHR_GRP_CD_07,cst_shr_grp_cd_07,text_or_category,Source field retained; consult the CMS data dictionary for its definition.,https://www2.ccwdata.org/documents/10280/19022436/codebook-mbsf-abcd.pdf
beneficiary_2020.csv,beneficiary,CST_SHR_GRP_CD_08,cst_shr_grp_cd_08,text_or_category,Source field retained; consult the CMS data dictionary for its definition.,https://www2.ccwdata.org/documents/10280/19022436/codebook-mbsf-abcd.pdf
beneficiary_2020.csv,beneficiary,CST_SHR_GRP_CD_09,cst_shr_grp_cd_09,text_or_category,Source field retained; consult the CMS data dictionary for its definition.,https://www2.ccwdata.org/documents/10280/19022436/codebook-mbsf-abcd.pdf
beneficiary_2020.csv,beneficiary,CST_SHR_GRP_CD_10,cst_shr_grp_cd_10,text_or_category,Source field retained; consult the CMS data dictionary for its definition.,https://www2.ccwdata.org/documents/10280/19022436/codebook-mbsf-abcd.pdf
beneficiary_2020.csv,beneficiary,CST_SHR_GRP_CD_11,cst_shr_grp_cd_11,text_or_category,Source field retained; consult the CMS data dictionary for its definition.,https://www2.ccwdata.org/documents/10280/19022436/codebook-mbsf-abcd.pdf
beneficiary_2020.csv,beneficiary,CST_SHR_GRP_CD_12,cst_shr_grp_cd_12,text_or_category,Source field retained; consult the CMS data dictionary for its definition.,https://www2.ccwdata.org/documents/10280/19022436/codebook-mbsf-abcd.pdf
beneficiary_2021.csv,beneficiary,BENE_ID,bene_id,identifier_or_code,CMS synthetic beneficiary identifier; preserved as text.,https://www2.ccwdata.org/documents/10280/19022436/codebook-mbsf-abcd.pdf
beneficiary_2021.csv,beneficiary,STATE_CODE,state_code,text_or_category,Source field retained; consult the CMS data dictionary for its definition.,https://www2.ccwdata.org/documents/10280/19022436/codebook-mbsf-abcd.pdf
beneficiary_2021.csv,beneficiary,COUNTY_CD,county_cd,identifier_or_code,Source field retained; consult the CMS data dictionary for its definition.,https://www2.ccwdata.org/documents/10280/19022436/codebook-mbsf-abcd.pdf
beneficiary_2021.csv,beneficiary,ZIP_CD,zip_cd,identifier_or_code,Source field retained; consult the CMS data dictionary for its definition.,https://www2.ccwdata.org/documents/10280/19022436/codebook-mbsf-abcd.pdf
beneficiary_2021.csv,beneficiary,BENE_BIRTH_DT,bene_birth_dt,date,Source field retained; consult the CMS data dictionary for its definition.,https://www2.ccwdata.org/documents/10280/19022436/codebook-mbsf-abcd.pdf
beneficiary_2021.csv,beneficiary,SEX_IDENT_CD,sex_ident_cd,identifier_or_code,Source field retained; consult the CMS data dictionary for its definition.,https://www2.ccwdata.org/documents/10280/19022436/codebook-mbsf-abcd.pdf
beneficiary_2021.csv,beneficiary,BENE_RACE_CD,bene_race_cd,identifier_or_code,Source field retained; consult the CMS data dictionary for its definition.,https://www2.ccwdata.org/documents/10280/19022436/codebook-mbsf-abcd.pdf
beneficiary_2021.csv,beneficiary,ENTLMT_RSN_ORIG,entlmt_rsn_orig,text_or_category,Source field retained; consult the CMS data dictionary for its definition.,https://www2.ccwdata.org/documents/10280/19022436/codebook-mbsf-abcd.pdf
beneficiary_2021.csv,beneficiary,ENTLMT_RSN_CURR,entlmt_rsn_curr,text_or_category,Source field retained; consult the CMS data dictionary for its definition.,https://www2.ccwdata.org/documents/10280/19022436/codebook-mbsf-abcd.pdf
beneficiary_2021.csv,beneficiary,ESRD_IND,esrd_ind,text_or_category,Source field retained; consult the CMS data dictionary for its definition.,https://www2.ccwdata.org/documents/10280/19022436/codebook-mbsf-abcd.pdf
beneficiary_2021.csv,beneficiary,BENE_PTA_TRMNTN_CD,bene_pta_trmntn_cd,identifier_or_code,Source field retained; consult the CMS data dictionary for its definition.,https://www2.ccwdata.org/documents/10280/19022436/codebook-mbsf-abcd.pdf
beneficiary_2021.csv,beneficiary,BENE_PTB_TRMNTN_CD,bene_ptb_trmntn_cd,identifier_or_code,Source field retained; consult the CMS data dictionary for its definition.,https://www2.ccwdata.org/documents/10280/19022436/codebook-mbsf-abcd.pdf
beneficiary_2021.csv,beneficiary,BENE_DEATH_DT,bene_death_dt,date,Source field retained; consult the CMS data dictionary for its definition.,https://www2.ccwdata.org/documents/10280/19022436/codebook-mbsf-abcd.pdf
beneficiary_2021.csv,beneficiary,BENE_ENROLLMT_REF_YR,bene_enrollmt_ref_yr,text_or_category,Source field retained; consult the CMS data dictionary for its definition.,https://www2.ccwdata.org/documents/10280/19022436/codebook-mbsf-abcd.pdf
beneficiary_2021.csv,beneficiary,BENE_HI_CVRAGE_TOT_MONS,bene_hi_cvrage_tot_mons,text_or_category,Source field retained; consult the CMS data dictionary for its definition.,https://www2.ccwdata.org/documents/10280/19022436/codebook-mbsf-abcd.pdf
beneficiary_2021.csv,beneficiary,BENE_SMI_CVRAGE_TOT_MONS,bene_smi_cvrage_tot_mons,text_or_category,Source field retained; consult the CMS data dictionary for its definition.,https://www2.ccwdata.org/documents/10280/19022436/codebook-mbsf-abcd.pdf
beneficiary_2021.csv,beneficiary,BENE_STATE_BUYIN_TOT_MONS,bene_state_buyin_tot_mons,text_or_category,Source field retained; consult the CMS data dictionary for its definition.,https://www2.ccwdata.org/documents/10280/19022436/codebook-mbsf-abcd.pdf
beneficiary_2021.csv,beneficiary,BENE_HMO_CVRAGE_TOT_MONS,bene_hmo_cvrage_tot_mons,text_or_category,Source field retained; consult the CMS data dictionary for its definition.,https://www2.ccwdata.org/documents/10280/19022436/codebook-mbsf-abcd.pdf
beneficiary_2021.csv,beneficiary,RDS_CVRG_MONS,rds_cvrg_mons,text_or_category,Source field retained; consult the CMS data dictionary for its definition.,https://www2.ccwdata.org/documents/10280/19022436/codebook-mbsf-abcd.pdf
beneficiary_2021.csv,beneficiary,ENRL_SRC,enrl_src,text_or_category,Source field retained; consult the CMS data dictionary for its definition.,https://www2.ccwdata.org/documents/10280/19022436/codebook-mbsf-abcd.pdf
beneficiary_2021.csv,beneficiary,SAMPLE_GROUP,sample_group,text_or_category,Source field retained; consult the CMS data dictionary for its definition.,https://www2.ccwdata.org/documents/10280/19022436/codebook-mbsf-abcd.pdf
beneficiary_2021.csv,beneficiary,ENHANCED_FIVE_PERCENT_FLAG,enhanced_five_percent_flag,text_or_category,Source field retained; consult the CMS data dictionary for its definition.,https://www2.ccwdata.org/documents/10280/19022436/codebook-mbsf-abcd.pdf
beneficiary_2021.csv,beneficiary,CRNT_BIC_CD,crnt_bic_cd,identifier_or_code,Source field retained; consult the CMS data dictionary for its definition.,https://www2.ccwdata.org/documents/10280/19022436/codebook-mbsf-abcd.pdf
beneficiary_2021.csv,beneficiary,AGE_AT_END_REF_YR,age_at_end_ref_yr,text_or_category,Source field retained; consult the CMS data dictionary for its definition.,https://www2.ccwdata.org/documents/10280/19022436/codebook-mbsf-abcd.pdf
beneficiary_2021.csv,beneficiary,COVSTART,covstart,text_or_category,Source field retained; consult the CMS data dictionary for its definition.,https://www2.ccwdata.org/documents/10280/19022436/codebook-mbsf-abcd.pdf
beneficiary_2021.csv,beneficiary,DUAL_ELGBL_MONS,dual_elgbl_mons,text_or_category,Source field retained; consult the CMS data dictionary for its definition.,https://www2.ccwdata.org/documents/10280/19022436/codebook-mbsf-abcd.pdf
beneficiary_2021.csv,beneficiary,STATE_CNTY_FIPS_CD_01,state_cnty_fips_cd_01,text_or_category,Source field retained; consult the CMS data dictionary for its definition.,https://www2.ccwdata.org/documents/10280/19022436/codebook-mbsf-abcd.pdf
beneficiary_2021.csv,beneficiary,STATE_CNTY_FIPS_CD_02,state_cnty_fips_cd_02,text_or_category,Source field retained; consult the CMS data dictionary for its definition.,https://www2.ccwdata.org/documents/10280/19022436/codebook-mbsf-abcd.pdf
beneficiary_2021.csv,beneficiary,STATE_CNTY_FIPS_CD_03,state_cnty_fips_cd_03,text_or_category,Source field retained; consult the CMS data dictionary for its definition.,https://www2.ccwdata.org/documents/10280/19022436/codebook-mbsf-abcd.pdf
beneficiary_2021.csv,beneficiary,STATE_CNTY_FIPS_CD_04,state_cnty_fips_cd_04,text_or_category,Source field retained; consult the CMS data dictionary for its definition.,https://www2.ccwdata.org/documents/10280/19022436/codebook-mbsf-abcd.pdf
beneficiary_2021.csv,beneficiary,STATE_CNTY_FIPS_CD_05,state_cnty_fips_cd_05,text_or_category,Source field retained; consult the CMS data dictionary for its definition.,https://www2.ccwdata.org/documents/10280/19022436/codebook-mbsf-abcd.pdf
beneficiary_2021.csv,beneficiary,STATE_CNTY_FIPS_CD_06,state_cnty_fips_cd_06,text_or_category,Source field retained; consult the CMS data dictionary for its definition.,https://www2.ccwdata.org/documents/10280/19022436/codebook-mbsf-abcd.pdf
beneficiary_2021.csv,beneficiary,STATE_CNTY_FIPS_CD_07,state_cnty_fips_cd_07,text_or_category,Source field retained; consult the CMS data dictionary for its definition.,https://www2.ccwdata.org/documents/10280/19022436/codebook-mbsf-abcd.pdf
beneficiary_2021.csv,beneficiary,STATE_CNTY_FIPS_CD_08,state_cnty_fips_cd_08,text_or_category,Source field retained; consult the CMS data dictionary for its definition.,https://www2.ccwdata.org/documents/10280/19022436/codebook-mbsf-abcd.pdf
beneficiary_2021.csv,beneficiary,STATE_CNTY_FIPS_CD_09,state_cnty_fips_cd_09,text_or_category,Source field retained; consult the CMS data dictionary for its definition.,https://www2.ccwdata.org/documents/10280/19022436/codebook-mbsf-abcd.pdf
beneficiary_2021.csv,beneficiary,STATE_CNTY_FIPS_CD_10,state_cnty_fips_cd_10,text_or_category,Source field retained; consult the CMS data dictionary for its definition.,https://www2.ccwdata.org/documents/10280/19022436/codebook-mbsf-abcd.pdf
beneficiary_2021.csv,beneficiary,STATE_CNTY_FIPS_CD_11,state_cnty_fips_cd_11,text_or_category,Source field retained; consult the CMS data dictionary for its definition.,https://www2.ccwdata.org/documents/10280/19022436/codebook-mbsf-abcd.pdf
beneficiary_2021.csv,beneficiary,STATE_CNTY_FIPS_CD_12,state_cnty_fips_cd_12,text_or_category,Source field retained; consult the CMS data dictionary for its definition.,https://www2.ccwdata.org/documents/10280/19022436/codebook-mbsf-abcd.pdf
beneficiary_2021.csv,beneficiary,VALID_DEATH_DT_SW,valid_death_dt_sw,text_or_category,Source field retained; consult the CMS data dictionary for its definition.,https://www2.ccwdata.org/documents/10280/19022436/codebook-mbsf-abcd.pdf
beneficiary_2021.csv,beneficiary,RTI_RACE_CD,rti_race_cd,identifier_or_code,Source field retained; consult the CMS data dictionary for its definition.,https://www2.ccwdata.org/documents/10280/19022436/codebook-mbsf-abcd.pdf
beneficiary_2021.csv,beneficiary,MDCR_STATUS_CODE_01,mdcr_status_code_01,identifier_or_code,Source field retained; consult the CMS data dictionary for its definition.,https://www2.ccwdata.org/documents/10280/19022436/codebook-mbsf-abcd.pdf
beneficiary_2021.csv,beneficiary,MDCR_STATUS_CODE_02,mdcr_status_code_02,identifier_or_code,Source field retained; consult the CMS data dictionary for its definition.,https://www2.ccwdata.org/documents/10280/19022436/codebook-mbsf-abcd.pdf
beneficiary_2021.csv,beneficiary,MDCR_STATUS_CODE_03,mdcr_status_code_03,identifier_or_code,Source field retained; consult the CMS data dictionary for its definition.,https://www2.ccwdata.org/documents/10280/19022436/codebook-mbsf-abcd.pdf
beneficiary_2021.csv,beneficiary,MDCR_STATUS_CODE_04,mdcr_status_code_04,identifier_or_code,Source field retained; consult the CMS data dictionary for its definition.,https://www2.ccwdata.org/documents/10280/19022436/codebook-mbsf-abcd.pdf
beneficiary_2021.csv,beneficiary,MDCR_STATUS_CODE_05,mdcr_status_code_05,identifier_or_code,Source field retained; consult the CMS data dictionary for its definition.,https://www2.ccwdata.org/documents/10280/19022436/codebook-mbsf-abcd.pdf
beneficiary_2021.csv,beneficiary,MDCR_STATUS_CODE_06,mdcr_status_code_06,identifier_or_code,Source field retained; consult the CMS data dictionary for its definition.,https://www2.ccwdata.org/documents/10280/19022436/codebook-mbsf-abcd.pdf
beneficiary_2021.csv,beneficiary,MDCR_STATUS_CODE_07,mdcr_status_code_07,identifier_or_code,Source field retained; consult the CMS data dictionary for its definition.,https://www2.ccwdata.org/documents/10280/19022436/codebook-mbsf-abcd.pdf
beneficiary_2021.csv,beneficiary,MDCR_STATUS_CODE_08,mdcr_status_code_08,identifier_or_code,Source field retained; consult the CMS data dictionary for its definition.,https://www2.ccwdata.org/documents/10280/19022436/codebook-mbsf-abcd.pdf
beneficiary_2021.csv,beneficiary,MDCR_STATUS_CODE_09,mdcr_status_code_09,identifier_or_code,Source field retained; consult the CMS data dictionary for its definition.,https://www2.ccwdata.org/documents/10280/19022436/codebook-mbsf-abcd.pdf
beneficiary_2021.csv,beneficiary,MDCR_STATUS_CODE_10,mdcr_status_code_10,identifier_or_code,Source field retained; consult the CMS data dictionary for its definition.,https://www2.ccwdata.org/documents/10280/19022436/codebook-mbsf-abcd.pdf
beneficiary_2021.csv,beneficiary,MDCR_STATUS_CODE_11,mdcr_status_code_11,identifier_or_code,Source field retained; consult the CMS data dictionary for its definition.,https://www2.ccwdata.org/documents/10280/19022436/codebook-mbsf-abcd.pdf
beneficiary_2021.csv,beneficiary,MDCR_STATUS_CODE_12,mdcr_status_code_12,identifier_or_code,Source field retained; consult the CMS data dictionary for its definition.,https://www2.ccwdata.org/documents/10280/19022436/codebook-mbsf-abcd.pdf
beneficiary_2021.csv,beneficiary,PTD_PLAN_CVRG_MONS,ptd_plan_cvrg_mons,text_or_category,Source field retained; consult the CMS data dictionary for its definition.,https://www2.ccwdata.org/documents/10280/19022436/codebook-mbsf-abcd.pdf
beneficiary_2021.csv,beneficiary,MDCR_ENTLMT_BUYIN_IND_01,mdcr_entlmt_buyin_ind_01,text_or_category,Source field retained; consult the CMS data dictionary for its definition.,https://www2.ccwdata.org/documents/10280/19022436/codebook-mbsf-abcd.pdf
beneficiary_2021.csv,beneficiary,MDCR_ENTLMT_BUYIN_IND_02,mdcr_entlmt_buyin_ind_02,text_or_category,Source field retained; consult the CMS data dictionary for its definition.,https://www2.ccwdata.org/documents/10280/19022436/codebook-mbsf-abcd.pdf
beneficiary_2021.csv,beneficiary,MDCR_ENTLMT_BUYIN_IND_03,mdcr_entlmt_buyin_ind_03,text_or_category,Source field retained; consult the CMS data dictionary for its definition.,https://www2.ccwdata.org/documents/10280/19022436/codebook-mbsf-abcd.pdf
beneficiary_2021.csv,beneficiary,MDCR_ENTLMT_BUYIN_IND_04,mdcr_entlmt_buyin_ind_04,text_or_category,Source field retained; consult the CMS data dictionary for its definition.,https://www2.ccwdata.org/documents/10280/19022436/codebook-mbsf-abcd.pdf
beneficiary_2021.csv,beneficiary,MDCR_ENTLMT_BUYIN_IND_05,mdcr_entlmt_buyin_ind_05,text_or_category,Source field retained; consult the CMS data dictionary for its definition.,https://www2.ccwdata.org/documents/10280/19022436/codebook-mbsf-abcd.pdf
beneficiary_2021.csv,beneficiary,MDCR_ENTLMT_BUYIN_IND_06,mdcr_entlmt_buyin_ind_06,text_or_category,Source field retained; consult the CMS data dictionary for its definition.,https://www2.ccwdata.org/documents/10280/19022436/codebook-mbsf-abcd.pdf
beneficiary_2021.csv,beneficiary,MDCR_ENTLMT_BUYIN_IND_07,mdcr_entlmt_buyin_ind_07,text_or_category,Source field retained; consult the CMS data dictionary for its definition.,https://www2.ccwdata.org/documents/10280/19022436/codebook-mbsf-abcd.pdf
beneficiary_2021.csv,beneficiary,MDCR_ENTLMT_BUYIN_IND_08,mdcr_entlmt_buyin_ind_08,text_or_category,Source field retained; consult the CMS data dictionary for its definition.,https://www2.ccwdata.org/documents/10280/19022436/codebook-mbsf-abcd.pdf
beneficiary_2021.csv,beneficiary,MDCR_ENTLMT_BUYIN_IND_09,mdcr_entlmt_buyin_ind_09,text_or_category,Source field retained; consult the CMS data dictionary for its definition.,https://www2.ccwdata.org/documents/10280/19022436/codebook-mbsf-abcd.pdf
beneficiary_2021.csv,beneficiary,MDCR_ENTLMT_BUYIN_IND_10,mdcr_entlmt_buyin_ind_10,text_or_category,Source field retained; consult the CMS data dictionary for its definition.,https://www2.ccwdata.org/documents/10280/19022436/codebook-mbsf-abcd.pdf
beneficiary_2021.csv,beneficiary,MDCR_ENTLMT_BUYIN_IND_11,mdcr_entlmt_buyin_ind_11,text_or_category,Source field retained; consult the CMS data dictionary for its definition.,https://www2.ccwdata.org/documents/10280/19022436/codebook-mbsf-abcd.pdf
beneficiary_2021.csv,beneficiary,MDCR_ENTLMT_BUYIN_IND_12,mdcr_entlmt_buyin_ind_12,text_or_category,Source field retained; consult the CMS data dictionary for its definition.,https://www2.ccwdata.org/documents/10280/19022436/codebook-mbsf-abcd.pdf
beneficiary_2021.csv,beneficiary,HMO_IND_01,hmo_ind_01,text_or_category,Source field retained; consult the CMS data dictionary for its definition.,https://www2.ccwdata.org/documents/10280/19022436/codebook-mbsf-abcd.pdf
beneficiary_2021.csv,beneficiary,HMO_IND_02,hmo_ind_02,text_or_category,Source field retained; consult the CMS data dictionary for its definition.,https://www2.ccwdata.org/documents/10280/19022436/codebook-mbsf-abcd.pdf
beneficiary_2021.csv,beneficiary,HMO_IND_03,hmo_ind_03,text_or_category,Source field retained; consult the CMS data dictionary for its definition.,https://www2.ccwdata.org/documents/10280/19022436/codebook-mbsf-abcd.pdf
beneficiary_2021.csv,beneficiary,HMO_IND_04,hmo_ind_04,text_or_category,Source field retained; consult the CMS data dictionary for its definition.,https://www2.ccwdata.org/documents/10280/19022436/codebook-mbsf-abcd.pdf
beneficiary_2021.csv,beneficiary,HMO_IND_05,hmo_ind_05,text_or_category,Source field retained; consult the CMS data dictionary for its definition.,https://www2.ccwdata.org/documents/10280/19022436/codebook-mbsf-abcd.pdf
beneficiary_2021.csv,beneficiary,HMO_IND_06,hmo_ind_06,text_or_category,Source field retained; consult the CMS data dictionary for its definition.,https://www2.ccwdata.org/documents/10280/19022436/codebook-mbsf-abcd.pdf
beneficiary_2021.csv,beneficiary,HMO_IND_07,hmo_ind_07,text_or_category,Source field retained; consult the CMS data dictionary for its definition.,https://www2.ccwdata.org/documents/10280/19022436/codebook-mbsf-abcd.pdf
beneficiary_2021.csv,beneficiary,HMO_IND_08,hmo_ind_08,text_or_category,Source field retained; consult the CMS data dictionary for its definition.,https://www2.ccwdata.org/documents/10280/19022436/codebook-mbsf-abcd.pdf
beneficiary_2021.csv,beneficiary,HMO_IND_09,hmo_ind_09,text_or_category,Source field retained; consult the CMS data dictionary for its definition.,https://www2.ccwdata.org/documents/10280/19022436/codebook-mbsf-abcd.pdf
beneficiary_2021.csv,beneficiary,HMO_IND_10,hmo_ind_10,text_or_category,Source field retained; consult the CMS data dictionary for its definition.,https://www2.ccwdata.org/documents/10280/19022436/codebook-mbsf-abcd.pdf
beneficiary_2021.csv,beneficiary,HMO_IND_11,hmo_ind_11,text_or_category,Source field retained; consult the CMS data dictionary for its definition.,https://www2.ccwdata.org/documents/10280/19022436/codebook-mbsf-abcd.pdf
beneficiary_2021.csv,beneficiary,HMO_IND_12,hmo_ind_12,text_or_category,Source field retained; consult the CMS data dictionary for its definition.,https://www2.ccwdata.org/documents/10280/19022436/codebook-mbsf-abcd.pdf
beneficiary_2021.csv,beneficiary,PTC_CNTRCT_ID_01,ptc_cntrct_id_01,text_or_category,Source field retained; consult the CMS data dictionary for its definition.,https://www2.ccwdata.org/documents/10280/19022436/codebook-mbsf-abcd.pdf
beneficiary_2021.csv,beneficiary,PTC_CNTRCT_ID_02,ptc_cntrct_id_02,text_or_category,Source field retained; consult the CMS data dictionary for its definition.,https://www2.ccwdata.org/documents/10280/19022436/codebook-mbsf-abcd.pdf
beneficiary_2021.csv,beneficiary,PTC_CNTRCT_ID_03,ptc_cntrct_id_03,text_or_category,Source field retained; consult the CMS data dictionary for its definition.,https://www2.ccwdata.org/documents/10280/19022436/codebook-mbsf-abcd.pdf
beneficiary_2021.csv,beneficiary,PTC_CNTRCT_ID_04,ptc_cntrct_id_04,text_or_category,Source field retained; consult the CMS data dictionary for its definition.,https://www2.ccwdata.org/documents/10280/19022436/codebook-mbsf-abcd.pdf
beneficiary_2021.csv,beneficiary,PTC_CNTRCT_ID_05,ptc_cntrct_id_05,text_or_category,Source field retained; consult the CMS data dictionary for its definition.,https://www2.ccwdata.org/documents/10280/19022436/codebook-mbsf-abcd.pdf
beneficiary_2021.csv,beneficiary,PTC_CNTRCT_ID_06,ptc_cntrct_id_06,text_or_category,Source field retained; consult the CMS data dictionary for its definition.,https://www2.ccwdata.org/documents/10280/19022436/codebook-mbsf-abcd.pdf
beneficiary_2021.csv,beneficiary,PTC_CNTRCT_ID_07,ptc_cntrct_id_07,text_or_category,Source field retained; consult the CMS data dictionary for its definition.,https://www2.ccwdata.org/documents/10280/19022436/codebook-mbsf-abcd.pdf
beneficiary_2021.csv,beneficiary,PTC_CNTRCT_ID_08,ptc_cntrct_id_08,text_or_category,Source field retained; consult the CMS data dictionary for its definition.,https://www2.ccwdata.org/documents/10280/19022436/codebook-mbsf-abcd.pdf
beneficiary_2021.csv,beneficiary,PTC_CNTRCT_ID_09,ptc_cntrct_id_09,text_or_category,Source field retained; consult the CMS data dictionary for its definition.,https://www2.ccwdata.org/documents/10280/19022436/codebook-mbsf-abcd.pdf
beneficiary_2021.csv,beneficiary,PTC_CNTRCT_ID_10,ptc_cntrct_id_10,text_or_category,Source field retained; consult the CMS data dictionary for its definition.,https://www2.ccwdata.org/documents/10280/19022436/codebook-mbsf-abcd.pdf
beneficiary_2021.csv,beneficiary,PTC_CNTRCT_ID_11,ptc_cntrct_id_11,text_or_category,Source field retained; consult the CMS data dictionary for its definition.,https://www2.ccwdata.org/documents/10280/19022436/codebook-mbsf-abcd.pdf
beneficiary_2021.csv,beneficiary,PTC_CNTRCT_ID_12,ptc_cntrct_id_12,text_or_category,Source field retained; consult the CMS data dictionary for its definition.,https://www2.ccwdata.org/documents/10280/19022436/codebook-mbsf-abcd.pdf
beneficiary_2021.csv,beneficiary,PTC_PBP_ID_01,ptc_pbp_id_01,text_or_category,Source field retained; consult the CMS data dictionary for its definition.,https://www2.ccwdata.org/documents/10280/19022436/codebook-mbsf-abcd.pdf
beneficiary_2021.csv,beneficiary,PTC_PBP_ID_02,ptc_pbp_id_02,text_or_category,Source field retained; consult the CMS data dictionary for its definition.,https://www2.ccwdata.org/documents/10280/19022436/codebook-mbsf-abcd.pdf
beneficiary_2021.csv,beneficiary,PTC_PBP_ID_03,ptc_pbp_id_03,text_or_category,Source field retained; consult the CMS data dictionary for its definition.,https://www2.ccwdata.org/documents/10280/19022436/codebook-mbsf-abcd.pdf
beneficiary_2021.csv,beneficiary,PTC_PBP_ID_04,ptc_pbp_id_04,text_or_category,Source field retained; consult the CMS data dictionary for its definition.,https://www2.ccwdata.org/documents/10280/19022436/codebook-mbsf-abcd.pdf
beneficiary_2021.csv,beneficiary,PTC_PBP_ID_05,ptc_pbp_id_05,text_or_category,Source field retained; consult the CMS data dictionary for its definition.,https://www2.ccwdata.org/documents/10280/19022436/codebook-mbsf-abcd.pdf
beneficiary_2021.csv,beneficiary,PTC_PBP_ID_06,ptc_pbp_id_06,text_or_category,Source field retained; consult the CMS data dictionary for its definition.,https://www2.ccwdata.org/documents/10280/19022436/codebook-mbsf-abcd.pdf
beneficiary_2021.csv,beneficiary,PTC_PBP_ID_07,ptc_pbp_id_07,text_or_category,Source field retained; consult the CMS data dictionary for its definition.,https://www2.ccwdata.org/documents/10280/19022436/codebook-mbsf-abcd.pdf
beneficiary_2021.csv,beneficiary,PTC_PBP_ID_08,ptc_pbp_id_08,text_or_category,Source field retained; consult the CMS data dictionary for its definition.,https://www2.ccwdata.org/documents/10280/19022436/codebook-mbsf-abcd.pdf
beneficiary_2021.csv,beneficiary,PTC_PBP_ID_09,ptc_pbp_id_09,text_or_category,Source field retained; consult the CMS data dictionary for its definition.,https://www2.ccwdata.org/documents/10280/19022436/codebook-mbsf-abcd.pdf
beneficiary_2021.csv,beneficiary,PTC_PBP_ID_10,ptc_pbp_id_10,text_or_category,Source field retained; consult the CMS data dictionary for its definition.,https://www2.ccwdata.org/documents/10280/19022436/codebook-mbsf-abcd.pdf
beneficiary_2021.csv,beneficiary,PTC_PBP_ID_11,ptc_pbp_id_11,text_or_category,Source field retained; consult the CMS data dictionary for its definition.,https://www2.ccwdata.org/documents/10280/19022436/codebook-mbsf-abcd.pdf
beneficiary_2021.csv,beneficiary,PTC_PBP_ID_12,ptc_pbp_id_12,text_or_category,Source field retained; consult the CMS data dictionary for its definition.,https://www2.ccwdata.org/documents/10280/19022436/codebook-mbsf-abcd.pdf
beneficiary_2021.csv,beneficiary,PTC_PLAN_TYPE_CD_01,ptc_plan_type_cd_01,text_or_category,Source field retained; consult the CMS data dictionary for its definition.,https://www2.ccwdata.org/documents/10280/19022436/codebook-mbsf-abcd.pdf
beneficiary_2021.csv,beneficiary,PTC_PLAN_TYPE_CD_02,ptc_plan_type_cd_02,text_or_category,Source field retained; consult the CMS data dictionary for its definition.,https://www2.ccwdata.org/documents/10280/19022436/codebook-mbsf-abcd.pdf
beneficiary_2021.csv,beneficiary,PTC_PLAN_TYPE_CD_03,ptc_plan_type_cd_03,text_or_category,Source field retained; consult the CMS data dictionary for its definition.,https://www2.ccwdata.org/documents/10280/19022436/codebook-mbsf-abcd.pdf
beneficiary_2021.csv,beneficiary,PTC_PLAN_TYPE_CD_04,ptc_plan_type_cd_04,text_or_category,Source field retained; consult the CMS data dictionary for its definition.,https://www2.ccwdata.org/documents/10280/19022436/codebook-mbsf-abcd.pdf
beneficiary_2021.csv,beneficiary,PTC_PLAN_TYPE_CD_05,ptc_plan_type_cd_05,text_or_category,Source field retained; consult the CMS data dictionary for its definition.,https://www2.ccwdata.org/documents/10280/19022436/codebook-mbsf-abcd.pdf
beneficiary_2021.csv,beneficiary,PTC_PLAN_TYPE_CD_06,ptc_plan_type_cd_06,text_or_category,Source field retained; consult the CMS data dictionary for its definition.,https://www2.ccwdata.org/documents/10280/19022436/codebook-mbsf-abcd.pdf
beneficiary_2021.csv,beneficiary,PTC_PLAN_TYPE_CD_07,ptc_plan_type_cd_07,text_or_category,Source field retained; consult the CMS data dictionary for its definition.,https://www2.ccwdata.org/documents/10280/19022436/codebook-mbsf-abcd.pdf
beneficiary_2021.csv,beneficiary,PTC_PLAN_TYPE_CD_08,ptc_plan_type_cd_08,text_or_category,Source field retained; consult the CMS data dictionary for its definition.,https://www2.ccwdata.org/documents/10280/19022436/codebook-mbsf-abcd.pdf
beneficiary_2021.csv,beneficiary,PTC_PLAN_TYPE_CD_09,ptc_plan_type_cd_09,text_or_category,Source field retained; consult the CMS data dictionary for its definition.,https://www2.ccwdata.org/documents/10280/19022436/codebook-mbsf-abcd.pdf
beneficiary_2021.csv,beneficiary,PTC_PLAN_TYPE_CD_10,ptc_plan_type_cd_10,text_or_category,Source field retained; consult the CMS data dictionary for its definition.,https://www2.ccwdata.org/documents/10280/19022436/codebook-mbsf-abcd.pdf
beneficiary_2021.csv,beneficiary,PTC_PLAN_TYPE_CD_11,ptc_plan_type_cd_11,text_or_category,Source field retained; consult the CMS data dictionary for its definition.,https://www2.ccwdata.org/documents/10280/19022436/codebook-mbsf-abcd.pdf
beneficiary_2021.csv,beneficiary,PTC_PLAN_TYPE_CD_12,ptc_plan_type_cd_12,text_or_category,Source field retained; consult the CMS data dictionary for its definition.,https://www2.ccwdata.org/documents/10280/19022436/codebook-mbsf-abcd.pdf
beneficiary_2021.csv,beneficiary,PTD_CNTRCT_ID_01,ptd_cntrct_id_01,text_or_category,Source field retained; consult the CMS data dictionary for its definition.,https://www2.ccwdata.org/documents/10280/19022436/codebook-mbsf-abcd.pdf
beneficiary_2021.csv,beneficiary,PTD_CNTRCT_ID_02,ptd_cntrct_id_02,text_or_category,Source field retained; consult the CMS data dictionary for its definition.,https://www2.ccwdata.org/documents/10280/19022436/codebook-mbsf-abcd.pdf
beneficiary_2021.csv,beneficiary,PTD_CNTRCT_ID_03,ptd_cntrct_id_03,text_or_category,Source field retained; consult the CMS data dictionary for its definition.,https://www2.ccwdata.org/documents/10280/19022436/codebook-mbsf-abcd.pdf
beneficiary_2021.csv,beneficiary,PTD_CNTRCT_ID_04,ptd_cntrct_id_04,text_or_category,Source field retained; consult the CMS data dictionary for its definition.,https://www2.ccwdata.org/documents/10280/19022436/codebook-mbsf-abcd.pdf
beneficiary_2021.csv,beneficiary,PTD_CNTRCT_ID_05,ptd_cntrct_id_05,text_or_category,Source field retained; consult the CMS data dictionary for its definition.,https://www2.ccwdata.org/documents/10280/19022436/codebook-mbsf-abcd.pdf
beneficiary_2021.csv,beneficiary,PTD_CNTRCT_ID_06,ptd_cntrct_id_06,text_or_category,Source field retained; consult the CMS data dictionary for its definition.,https://www2.ccwdata.org/documents/10280/19022436/codebook-mbsf-abcd.pdf
beneficiary_2021.csv,beneficiary,PTD_CNTRCT_ID_07,ptd_cntrct_id_07,text_or_category,Source field retained; consult the CMS data dictionary for its definition.,https://www2.ccwdata.org/documents/10280/19022436/codebook-mbsf-abcd.pdf
beneficiary_2021.csv,beneficiary,PTD_CNTRCT_ID_08,ptd_cntrct_id_08,text_or_category,Source field retained; consult the CMS data dictionary for its definition.,https://www2.ccwdata.org/documents/10280/19022436/codebook-mbsf-abcd.pdf
beneficiary_2021.csv,beneficiary,PTD_CNTRCT_ID_09,ptd_cntrct_id_09,text_or_category,Source field retained; consult the CMS data dictionary for its definition.,https://www2.ccwdata.org/documents/10280/19022436/codebook-mbsf-abcd.pdf
beneficiary_2021.csv,beneficiary,PTD_CNTRCT_ID_10,ptd_cntrct_id_10,text_or_category,Source field retained; consult the CMS data dictionary for its definition.,https://www2.ccwdata.org/documents/10280/19022436/codebook-mbsf-abcd.pdf
beneficiary_2021.csv,beneficiary,PTD_CNTRCT_ID_11,ptd_cntrct_id_11,text_or_category,Source field retained; consult the CMS data dictionary for its definition.,https://www2.ccwdata.org/documents/10280/19022436/codebook-mbsf-abcd.pdf
beneficiary_2021.csv,beneficiary,PTD_CNTRCT_ID_12,ptd_cntrct_id_12,text_or_category,Source field retained; consult the CMS data dictionary for its definition.,https://www2.ccwdata.org/documents/10280/19022436/codebook-mbsf-abcd.pdf
beneficiary_2021.csv,beneficiary,PTD_PBP_ID_01,ptd_pbp_id_01,text_or_category,Source field retained; consult the CMS data dictionary for its definition.,https://www2.ccwdata.org/documents/10280/19022436/codebook-mbsf-abcd.pdf
beneficiary_2021.csv,beneficiary,PTD_PBP_ID_02,ptd_pbp_id_02,text_or_category,Source field retained; consult the CMS data dictionary for its definition.,https://www2.ccwdata.org/documents/10280/19022436/codebook-mbsf-abcd.pdf
beneficiary_2021.csv,beneficiary,PTD_PBP_ID_03,ptd_pbp_id_03,text_or_category,Source field retained; consult the CMS data dictionary for its definition.,https://www2.ccwdata.org/documents/10280/19022436/codebook-mbsf-abcd.pdf
beneficiary_2021.csv,beneficiary,PTD_PBP_ID_04,ptd_pbp_id_04,text_or_category,Source field retained; consult the CMS data dictionary for its definition.,https://www2.ccwdata.org/documents/10280/19022436/codebook-mbsf-abcd.pdf
beneficiary_2021.csv,beneficiary,PTD_PBP_ID_05,ptd_pbp_id_05,text_or_category,Source field retained; consult the CMS data dictionary for its definition.,https://www2.ccwdata.org/documents/10280/19022436/codebook-mbsf-abcd.pdf
beneficiary_2021.csv,beneficiary,PTD_PBP_ID_06,ptd_pbp_id_06,text_or_category,Source field retained; consult the CMS data dictionary for its definition.,https://www2.ccwdata.org/documents/10280/19022436/codebook-mbsf-abcd.pdf
beneficiary_2021.csv,beneficiary,PTD_PBP_ID_07,ptd_pbp_id_07,text_or_category,Source field retained; consult the CMS data dictionary for its definition.,https://www2.ccwdata.org/documents/10280/19022436/codebook-mbsf-abcd.pdf
beneficiary_2021.csv,beneficiary,PTD_PBP_ID_08,ptd_pbp_id_08,text_or_category,Source field retained; consult the CMS data dictionary for its definition.,https://www2.ccwdata.org/documents/10280/19022436/codebook-mbsf-abcd.pdf
beneficiary_2021.csv,beneficiary,PTD_PBP_ID_09,ptd_pbp_id_09,text_or_category,Source field retained; consult the CMS data dictionary for its definition.,https://www2.ccwdata.org/documents/10280/19022436/codebook-mbsf-abcd.pdf
beneficiary_2021.csv,beneficiary,PTD_PBP_ID_10,ptd_pbp_id_10,text_or_category,Source field retained; consult the CMS data dictionary for its definition.,https://www2.ccwdata.org/documents/10280/19022436/codebook-mbsf-abcd.pdf
beneficiary_2021.csv,beneficiary,PTD_PBP_ID_11,ptd_pbp_id_11,text_or_category,Source field retained; consult the CMS data dictionary for its definition.,https://www2.ccwdata.org/documents/10280/19022436/codebook-mbsf-abcd.pdf
beneficiary_2021.csv,beneficiary,PTD_PBP_ID_12,ptd_pbp_id_12,text_or_category,Source field retained; consult the CMS data dictionary for its definition.,https://www2.ccwdata.org/documents/10280/19022436/codebook-mbsf-abcd.pdf
beneficiary_2021.csv,beneficiary,PTD_SGMT_ID_01,ptd_sgmt_id_01,text_or_category,Source field retained; consult the CMS data dictionary for its definition.,https://www2.ccwdata.org/documents/10280/19022436/codebook-mbsf-abcd.pdf
beneficiary_2021.csv,beneficiary,PTD_SGMT_ID_02,ptd_sgmt_id_02,text_or_category,Source field retained; consult the CMS data dictionary for its definition.,https://www2.ccwdata.org/documents/10280/19022436/codebook-mbsf-abcd.pdf
beneficiary_2021.csv,beneficiary,PTD_SGMT_ID_03,ptd_sgmt_id_03,text_or_category,Source field retained; consult the CMS data dictionary for its definition.,https://www2.ccwdata.org/documents/10280/19022436/codebook-mbsf-abcd.pdf
beneficiary_2021.csv,beneficiary,PTD_SGMT_ID_04,ptd_sgmt_id_04,text_or_category,Source field retained; consult the CMS data dictionary for its definition.,https://www2.ccwdata.org/documents/10280/19022436/codebook-mbsf-abcd.pdf
beneficiary_2021.csv,beneficiary,PTD_SGMT_ID_05,ptd_sgmt_id_05,text_or_category,Source field retained; consult the CMS data dictionary for its definition.,https://www2.ccwdata.org/documents/10280/19022436/codebook-mbsf-abcd.pdf
beneficiary_2021.csv,beneficiary,PTD_SGMT_ID_06,ptd_sgmt_id_06,text_or_category,Source field retained; consult the CMS data dictionary for its definition.,https://www2.ccwdata.org/documents/10280/19022436/codebook-mbsf-abcd.pdf
beneficiary_2021.csv,beneficiary,PTD_SGMT_ID_07,ptd_sgmt_id_07,text_or_category,Source field retained; consult the CMS data dictionary for its definition.,https://www2.ccwdata.org/documents/10280/19022436/codebook-mbsf-abcd.pdf
beneficiary_2021.csv,beneficiary,PTD_SGMT_ID_08,ptd_sgmt_id_08,text_or_category,Source field retained; consult the CMS data dictionary for its definition.,https://www2.ccwdata.org/documents/10280/19022436/codebook-mbsf-abcd.pdf
beneficiary_2021.csv,beneficiary,PTD_SGMT_ID_09,ptd_sgmt_id_09,text_or_category,Source field retained; consult the CMS data dictionary for its definition.,https://www2.ccwdata.org/documents/10280/19022436/codebook-mbsf-abcd.pdf
beneficiary_2021.csv,beneficiary,PTD_SGMT_ID_10,ptd_sgmt_id_10,text_or_category,Source field retained; consult the CMS data dictionary for its definition.,https://www2.ccwdata.org/documents/10280/19022436/codebook-mbsf-abcd.pdf
beneficiary_2021.csv,beneficiary,PTD_SGMT_ID_11,ptd_sgmt_id_11,text_or_category,Source field retained; consult the CMS data dictionary for its definition.,https://www2.ccwdata.org/documents/10280/19022436/codebook-mbsf-abcd.pdf
beneficiary_2021.csv,beneficiary,PTD_SGMT_ID_12,ptd_sgmt_id_12,text_or_category,Source field retained; consult the CMS data dictionary for its definition.,https://www2.ccwdata.org/documents/10280/19022436/codebook-mbsf-abcd.pdf
beneficiary_2021.csv,beneficiary,RDS_IND_01,rds_ind_01,text_or_category,Source field retained; consult the CMS data dictionary for its definition.,https://www2.ccwdata.org/documents/10280/19022436/codebook-mbsf-abcd.pdf
beneficiary_2021.csv,beneficiary,RDS_IND_02,rds_ind_02,text_or_category,Source field retained; consult the CMS data dictionary for its definition.,https://www2.ccwdata.org/documents/10280/19022436/codebook-mbsf-abcd.pdf
beneficiary_2021.csv,beneficiary,RDS_IND_03,rds_ind_03,text_or_category,Source field retained; consult the CMS data dictionary for its definition.,https://www2.ccwdata.org/documents/10280/19022436/codebook-mbsf-abcd.pdf
beneficiary_2021.csv,beneficiary,RDS_IND_04,rds_ind_04,text_or_category,Source field retained; consult the CMS data dictionary for its definition.,https://www2.ccwdata.org/documents/10280/19022436/codebook-mbsf-abcd.pdf
beneficiary_2021.csv,beneficiary,RDS_IND_05,rds_ind_05,text_or_category,Source field retained; consult the CMS data dictionary for its definition.,https://www2.ccwdata.org/documents/10280/19022436/codebook-mbsf-abcd.pdf
beneficiary_2021.csv,beneficiary,RDS_IND_06,rds_ind_06,text_or_category,Source field retained; consult the CMS data dictionary for its definition.,https://www2.ccwdata.org/documents/10280/19022436/codebook-mbsf-abcd.pdf
beneficiary_2021.csv,beneficiary,RDS_IND_07,rds_ind_07,text_or_category,Source field retained; consult the CMS data dictionary for its definition.,https://www2.ccwdata.org/documents/10280/19022436/codebook-mbsf-abcd.pdf
beneficiary_2021.csv,beneficiary,RDS_IND_08,rds_ind_08,text_or_category,Source field retained; consult the CMS data dictionary for its definition.,https://www2.ccwdata.org/documents/10280/19022436/codebook-mbsf-abcd.pdf
beneficiary_2021.csv,beneficiary,RDS_IND_09,rds_ind_09,text_or_category,Source field retained; consult the CMS data dictionary for its definition.,https://www2.ccwdata.org/documents/10280/19022436/codebook-mbsf-abcd.pdf
beneficiary_2021.csv,beneficiary,RDS_IND_10,rds_ind_10,text_or_category,Source field retained; consult the CMS data dictionary for its definition.,https://www2.ccwdata.org/documents/10280/19022436/codebook-mbsf-abcd.pdf
beneficiary_2021.csv,beneficiary,RDS_IND_11,rds_ind_11,text_or_category,Source field retained; consult the CMS data dictionary for its definition.,https://www2.ccwdata.org/documents/10280/19022436/codebook-mbsf-abcd.pdf
beneficiary_2021.csv,beneficiary,RDS_IND_12,rds_ind_12,text_or_category,Source field retained; consult the CMS data dictionary for its definition.,https://www2.ccwdata.org/documents/10280/19022436/codebook-mbsf-abcd.pdf
beneficiary_2021.csv,beneficiary,DUAL_STUS_CD_01,dual_stus_cd_01,text_or_category,Source field retained; consult the CMS data dictionary for its definition.,https://www2.ccwdata.org/documents/10280/19022436/codebook-mbsf-abcd.pdf
beneficiary_2021.csv,beneficiary,DUAL_STUS_CD_02,dual_stus_cd_02,text_or_category,Source field retained; consult the CMS data dictionary for its definition.,https://www2.ccwdata.org/documents/10280/19022436/codebook-mbsf-abcd.pdf
beneficiary_2021.csv,beneficiary,DUAL_STUS_CD_03,dual_stus_cd_03,text_or_category,Source field retained; consult the CMS data dictionary for its definition.,https://www2.ccwdata.org/documents/10280/19022436/codebook-mbsf-abcd.pdf
beneficiary_2021.csv,beneficiary,DUAL_STUS_CD_04,dual_stus_cd_04,text_or_category,Source field retained; consult the CMS data dictionary for its definition.,https://www2.ccwdata.org/documents/10280/19022436/codebook-mbsf-abcd.pdf
beneficiary_2021.csv,beneficiary,DUAL_STUS_CD_05,dual_stus_cd_05,text_or_category,Source field retained; consult the CMS data dictionary for its definition.,https://www2.ccwdata.org/documents/10280/19022436/codebook-mbsf-abcd.pdf
beneficiary_2021.csv,beneficiary,DUAL_STUS_CD_06,dual_stus_cd_06,text_or_category,Source field retained; consult the CMS data dictionary for its definition.,https://www2.ccwdata.org/documents/10280/19022436/codebook-mbsf-abcd.pdf
beneficiary_2021.csv,beneficiary,DUAL_STUS_CD_07,dual_stus_cd_07,text_or_category,Source field retained; consult the CMS data dictionary for its definition.,https://www2.ccwdata.org/documents/10280/19022436/codebook-mbsf-abcd.pdf
beneficiary_2021.csv,beneficiary,DUAL_STUS_CD_08,dual_stus_cd_08,text_or_category,Source field retained; consult the CMS data dictionary for its definition.,https://www2.ccwdata.org/documents/10280/19022436/codebook-mbsf-abcd.pdf
beneficiary_2021.csv,beneficiary,DUAL_STUS_CD_09,dual_stus_cd_09,text_or_category,Source field retained; consult the CMS data dictionary for its definition.,https://www2.ccwdata.org/documents/10280/19022436/codebook-mbsf-abcd.pdf
beneficiary_2021.csv,beneficiary,DUAL_STUS_CD_10,dual_stus_cd_10,text_or_category,Source field retained; consult the CMS data dictionary for its definition.,https://www2.ccwdata.org/documents/10280/19022436/codebook-mbsf-abcd.pdf
beneficiary_2021.csv,beneficiary,DUAL_STUS_CD_11,dual_stus_cd_11,text_or_category,Source field retained; consult the CMS data dictionary for its definition.,https://www2.ccwdata.org/documents/10280/19022436/codebook-mbsf-abcd.pdf
beneficiary_2021.csv,beneficiary,DUAL_STUS_CD_12,dual_stus_cd_12,text_or_category,Source field retained; consult the CMS data dictionary for its definition.,https://www2.ccwdata.org/documents/10280/19022436/codebook-mbsf-abcd.pdf
beneficiary_2021.csv,beneficiary,CST_SHR_GRP_CD_01,cst_shr_grp_cd_01,text_or_category,Source field retained; consult the CMS data dictionary for its definition.,https://www2.ccwdata.org/documents/10280/19022436/codebook-mbsf-abcd.pdf
beneficiary_2021.csv,beneficiary,CST_SHR_GRP_CD_02,cst_shr_grp_cd_02,text_or_category,Source field retained; consult the CMS data dictionary for its definition.,https://www2.ccwdata.org/documents/10280/19022436/codebook-mbsf-abcd.pdf
beneficiary_2021.csv,beneficiary,CST_SHR_GRP_CD_03,cst_shr_grp_cd_03,text_or_category,Source field retained; consult the CMS data dictionary for its definition.,https://www2.ccwdata.org/documents/10280/19022436/codebook-mbsf-abcd.pdf
beneficiary_2021.csv,beneficiary,CST_SHR_GRP_CD_04,cst_shr_grp_cd_04,text_or_category,Source field retained; consult the CMS data dictionary for its definition.,https://www2.ccwdata.org/documents/10280/19022436/codebook-mbsf-abcd.pdf
beneficiary_2021.csv,beneficiary,CST_SHR_GRP_CD_05,cst_shr_grp_cd_05,text_or_category,Source field retained; consult the CMS data dictionary for its definition.,https://www2.ccwdata.org/documents/10280/19022436/codebook-mbsf-abcd.pdf
beneficiary_2021.csv,beneficiary,CST_SHR_GRP_CD_06,cst_shr_grp_cd_06,text_or_category,Source field retained; consult the CMS data dictionary for its definition.,https://www2.ccwdata.org/documents/10280/19022436/codebook-mbsf-abcd.pdf
beneficiary_2021.csv,beneficiary,CST_SHR_GRP_CD_07,cst_shr_grp_cd_07,text_or_category,Source field retained; consult the CMS data dictionary for its definition.,https://www2.ccwdata.org/documents/10280/19022436/codebook-mbsf-abcd.pdf
beneficiary_2021.csv,beneficiary,CST_SHR_GRP_CD_08,cst_shr_grp_cd_08,text_or_category,Source field retained; consult the CMS data dictionary for its definition.,https://www2.ccwdata.org/documents/10280/19022436/codebook-mbsf-abcd.pdf
beneficiary_2021.csv,beneficiary,CST_SHR_GRP_CD_09,cst_shr_grp_cd_09,text_or_category,Source field retained; consult the CMS data dictionary for its definition.,https://www2.ccwdata.org/documents/10280/19022436/codebook-mbsf-abcd.pdf
beneficiary_2021.csv,beneficiary,CST_SHR_GRP_CD_10,cst_shr_grp_cd_10,text_or_category,Source field retained; consult the CMS data dictionary for its definition.,https://www2.ccwdata.org/documents/10280/19022436/codebook-mbsf-abcd.pdf
beneficiary_2021.csv,beneficiary,CST_SHR_GRP_CD_11,cst_shr_grp_cd_11,text_or_category,Source field retained; consult the CMS data dictionary for its definition.,https://www2.ccwdata.org/documents/10280/19022436/codebook-mbsf-abcd.pdf
beneficiary_2021.csv,beneficiary,CST_SHR_GRP_CD_12,cst_shr_grp_cd_12,text_or_category,Source field retained; consult the CMS data dictionary for its definition.,https://www2.ccwdata.org/documents/10280/19022436/codebook-mbsf-abcd.pdf
beneficiary_2022.csv,beneficiary,BENE_ID,bene_id,identifier_or_code,CMS synthetic beneficiary identifier; preserved as text.,https://www2.ccwdata.org/documents/10280/19022436/codebook-mbsf-abcd.pdf
beneficiary_2022.csv,beneficiary,STATE_CODE,state_code,text_or_category,Source field retained; consult the CMS data dictionary for its definition.,https://www2.ccwdata.org/documents/10280/19022436/codebook-mbsf-abcd.pdf
beneficiary_2022.csv,beneficiary,COUNTY_CD,county_cd,identifier_or_code,Source field retained; consult the CMS data dictionary for its definition.,https://www2.ccwdata.org/documents/10280/19022436/codebook-mbsf-abcd.pdf
beneficiary_2022.csv,beneficiary,ZIP_CD,zip_cd,identifier_or_code,Source field retained; consult the CMS data dictionary for its definition.,https://www2.ccwdata.org/documents/10280/19022436/codebook-mbsf-abcd.pdf
beneficiary_2022.csv,beneficiary,BENE_BIRTH_DT,bene_birth_dt,date,Source field retained; consult the CMS data dictionary for its definition.,https://www2.ccwdata.org/documents/10280/19022436/codebook-mbsf-abcd.pdf
beneficiary_2022.csv,beneficiary,SEX_IDENT_CD,sex_ident_cd,identifier_or_code,Source field retained; consult the CMS data dictionary for its definition.,https://www2.ccwdata.org/documents/10280/19022436/codebook-mbsf-abcd.pdf
beneficiary_2022.csv,beneficiary,BENE_RACE_CD,bene_race_cd,identifier_or_code,Source field retained; consult the CMS data dictionary for its definition.,https://www2.ccwdata.org/documents/10280/19022436/codebook-mbsf-abcd.pdf
beneficiary_2022.csv,beneficiary,ENTLMT_RSN_ORIG,entlmt_rsn_orig,text_or_category,Source field retained; consult the CMS data dictionary for its definition.,https://www2.ccwdata.org/documents/10280/19022436/codebook-mbsf-abcd.pdf
beneficiary_2022.csv,beneficiary,ENTLMT_RSN_CURR,entlmt_rsn_curr,text_or_category,Source field retained; consult the CMS data dictionary for its definition.,https://www2.ccwdata.org/documents/10280/19022436/codebook-mbsf-abcd.pdf
beneficiary_2022.csv,beneficiary,ESRD_IND,esrd_ind,text_or_category,Source field retained; consult the CMS data dictionary for its definition.,https://www2.ccwdata.org/documents/10280/19022436/codebook-mbsf-abcd.pdf
beneficiary_2022.csv,beneficiary,BENE_PTA_TRMNTN_CD,bene_pta_trmntn_cd,identifier_or_code,Source field retained; consult the CMS data dictionary for its definition.,https://www2.ccwdata.org/documents/10280/19022436/codebook-mbsf-abcd.pdf
beneficiary_2022.csv,beneficiary,BENE_PTB_TRMNTN_CD,bene_ptb_trmntn_cd,identifier_or_code,Source field retained; consult the CMS data dictionary for its definition.,https://www2.ccwdata.org/documents/10280/19022436/codebook-mbsf-abcd.pdf
beneficiary_2022.csv,beneficiary,BENE_DEATH_DT,bene_death_dt,date,Source field retained; consult the CMS data dictionary for its definition.,https://www2.ccwdata.org/documents/10280/19022436/codebook-mbsf-abcd.pdf
beneficiary_2022.csv,beneficiary,BENE_ENROLLMT_REF_YR,bene_enrollmt_ref_yr,text_or_category,Source field retained; consult the CMS data dictionary for its definition.,https://www2.ccwdata.org/documents/10280/19022436/codebook-mbsf-abcd.pdf
beneficiary_2022.csv,beneficiary,BENE_HI_CVRAGE_TOT_MONS,bene_hi_cvrage_tot_mons,text_or_category,Source field retained; consult the CMS data dictionary for its definition.,https://www2.ccwdata.org/documents/10280/19022436/codebook-mbsf-abcd.pdf
beneficiary_2022.csv,beneficiary,BENE_SMI_CVRAGE_TOT_MONS,bene_smi_cvrage_tot_mons,text_or_category,Source field retained; consult the CMS data dictionary for its definition.,https://www2.ccwdata.org/documents/10280/19022436/codebook-mbsf-abcd.pdf
beneficiary_2022.csv,beneficiary,BENE_STATE_BUYIN_TOT_MONS,bene_state_buyin_tot_mons,text_or_category,Source field retained; consult the CMS data dictionary for its definition.,https://www2.ccwdata.org/documents/10280/19022436/codebook-mbsf-abcd.pdf
beneficiary_2022.csv,beneficiary,BENE_HMO_CVRAGE_TOT_MONS,bene_hmo_cvrage_tot_mons,text_or_category,Source field retained; consult the CMS data dictionary for its definition.,https://www2.ccwdata.org/documents/10280/19022436/codebook-mbsf-abcd.pdf
beneficiary_2022.csv,beneficiary,RDS_CVRG_MONS,rds_cvrg_mons,text_or_category,Source field retained; consult the CMS data dictionary for its definition.,https://www2.ccwdata.org/documents/10280/19022436/codebook-mbsf-abcd.pdf
beneficiary_2022.csv,beneficiary,ENRL_SRC,enrl_src,text_or_category,Source field retained; consult the CMS data dictionary for its definition.,https://www2.ccwdata.org/documents/10280/19022436/codebook-mbsf-abcd.pdf
beneficiary_2022.csv,beneficiary,SAMPLE_GROUP,sample_group,text_or_category,Source field retained; consult the CMS data dictionary for its definition.,https://www2.ccwdata.org/documents/10280/19022436/codebook-mbsf-abcd.pdf
beneficiary_2022.csv,beneficiary,ENHANCED_FIVE_PERCENT_FLAG,enhanced_five_percent_flag,text_or_category,Source field retained; consult the CMS data dictionary for its definition.,https://www2.ccwdata.org/documents/10280/19022436/codebook-mbsf-abcd.pdf
beneficiary_2022.csv,beneficiary,CRNT_BIC_CD,crnt_bic_cd,identifier_or_code,Source field retained; consult the CMS data dictionary for its definition.,https://www2.ccwdata.org/documents/10280/19022436/codebook-mbsf-abcd.pdf
beneficiary_2022.csv,beneficiary,AGE_AT_END_REF_YR,age_at_end_ref_yr,text_or_category,Source field retained; consult the CMS data dictionary for its definition.,https://www2.ccwdata.org/documents/10280/19022436/codebook-mbsf-abcd.pdf
beneficiary_2022.csv,beneficiary,COVSTART,covstart,text_or_category,Source field retained; consult the CMS data dictionary for its definition.,https://www2.ccwdata.org/documents/10280/19022436/codebook-mbsf-abcd.pdf
beneficiary_2022.csv,beneficiary,DUAL_ELGBL_MONS,dual_elgbl_mons,text_or_category,Source field retained; consult the CMS data dictionary for its definition.,https://www2.ccwdata.org/documents/10280/19022436/codebook-mbsf-abcd.pdf
beneficiary_2022.csv,beneficiary,STATE_CNTY_FIPS_CD_01,state_cnty_fips_cd_01,text_or_category,Source field retained; consult the CMS data dictionary for its definition.,https://www2.ccwdata.org/documents/10280/19022436/codebook-mbsf-abcd.pdf
beneficiary_2022.csv,beneficiary,STATE_CNTY_FIPS_CD_02,state_cnty_fips_cd_02,text_or_category,Source field retained; consult the CMS data dictionary for its definition.,https://www2.ccwdata.org/documents/10280/19022436/codebook-mbsf-abcd.pdf
beneficiary_2022.csv,beneficiary,STATE_CNTY_FIPS_CD_03,state_cnty_fips_cd_03,text_or_category,Source field retained; consult the CMS data dictionary for its definition.,https://www2.ccwdata.org/documents/10280/19022436/codebook-mbsf-abcd.pdf
beneficiary_2022.csv,beneficiary,STATE_CNTY_FIPS_CD_04,state_cnty_fips_cd_04,text_or_category,Source field retained; consult the CMS data dictionary for its definition.,https://www2.ccwdata.org/documents/10280/19022436/codebook-mbsf-abcd.pdf
beneficiary_2022.csv,beneficiary,STATE_CNTY_FIPS_CD_05,state_cnty_fips_cd_05,text_or_category,Source field retained; consult the CMS data dictionary for its definition.,https://www2.ccwdata.org/documents/10280/19022436/codebook-mbsf-abcd.pdf
beneficiary_2022.csv,beneficiary,STATE_CNTY_FIPS_CD_06,state_cnty_fips_cd_06,text_or_category,Source field retained; consult the CMS data dictionary for its definition.,https://www2.ccwdata.org/documents/10280/19022436/codebook-mbsf-abcd.pdf
beneficiary_2022.csv,beneficiary,STATE_CNTY_FIPS_CD_07,state_cnty_fips_cd_07,text_or_category,Source field retained; consult the CMS data dictionary for its definition.,https://www2.ccwdata.org/documents/10280/19022436/codebook-mbsf-abcd.pdf
beneficiary_2022.csv,beneficiary,STATE_CNTY_FIPS_CD_08,state_cnty_fips_cd_08,text_or_category,Source field retained; consult the CMS data dictionary for its definition.,https://www2.ccwdata.org/documents/10280/19022436/codebook-mbsf-abcd.pdf
beneficiary_2022.csv,beneficiary,STATE_CNTY_FIPS_CD_09,state_cnty_fips_cd_09,text_or_category,Source field retained; consult the CMS data dictionary for its definition.,https://www2.ccwdata.org/documents/10280/19022436/codebook-mbsf-abcd.pdf
beneficiary_2022.csv,beneficiary,STATE_CNTY_FIPS_CD_10,state_cnty_fips_cd_10,text_or_category,Source field retained; consult the CMS data dictionary for its definition.,https://www2.ccwdata.org/documents/10280/19022436/codebook-mbsf-abcd.pdf
beneficiary_2022.csv,beneficiary,STATE_CNTY_FIPS_CD_11,state_cnty_fips_cd_11,text_or_category,Source field retained; consult the CMS data dictionary for its definition.,https://www2.ccwdata.org/documents/10280/19022436/codebook-mbsf-abcd.pdf
beneficiary_2022.csv,beneficiary,STATE_CNTY_FIPS_CD_12,state_cnty_fips_cd_12,text_or_category,Source field retained; consult the CMS data dictionary for its definition.,https://www2.ccwdata.org/documents/10280/19022436/codebook-mbsf-abcd.pdf
beneficiary_2022.csv,beneficiary,VALID_DEATH_DT_SW,valid_death_dt_sw,text_or_category,Source field retained; consult the CMS data dictionary for its definition.,https://www2.ccwdata.org/documents/10280/19022436/codebook-mbsf-abcd.pdf
beneficiary_2022.csv,beneficiary,RTI_RACE_CD,rti_race_cd,identifier_or_code,Source field retained; consult the CMS data dictionary for its definition.,https://www2.ccwdata.org/documents/10280/19022436/codebook-mbsf-abcd.pdf
beneficiary_2022.csv,beneficiary,MDCR_STATUS_CODE_01,mdcr_status_code_01,identifier_or_code,Source field retained; consult the CMS data dictionary for its definition.,https://www2.ccwdata.org/documents/10280/19022436/codebook-mbsf-abcd.pdf
beneficiary_2022.csv,beneficiary,MDCR_STATUS_CODE_02,mdcr_status_code_02,identifier_or_code,Source field retained; consult the CMS data dictionary for its definition.,https://www2.ccwdata.org/documents/10280/19022436/codebook-mbsf-abcd.pdf
beneficiary_2022.csv,beneficiary,MDCR_STATUS_CODE_03,mdcr_status_code_03,identifier_or_code,Source field retained; consult the CMS data dictionary for its definition.,https://www2.ccwdata.org/documents/10280/19022436/codebook-mbsf-abcd.pdf
beneficiary_2022.csv,beneficiary,MDCR_STATUS_CODE_04,mdcr_status_code_04,identifier_or_code,Source field retained; consult the CMS data dictionary for its definition.,https://www2.ccwdata.org/documents/10280/19022436/codebook-mbsf-abcd.pdf
beneficiary_2022.csv,beneficiary,MDCR_STATUS_CODE_05,mdcr_status_code_05,identifier_or_code,Source field retained; consult the CMS data dictionary for its definition.,https://www2.ccwdata.org/documents/10280/19022436/codebook-mbsf-abcd.pdf
beneficiary_2022.csv,beneficiary,MDCR_STATUS_CODE_06,mdcr_status_code_06,identifier_or_code,Source field retained; consult the CMS data dictionary for its definition.,https://www2.ccwdata.org/documents/10280/19022436/codebook-mbsf-abcd.pdf
beneficiary_2022.csv,beneficiary,MDCR_STATUS_CODE_07,mdcr_status_code_07,identifier_or_code,Source field retained; consult the CMS data dictionary for its definition.,https://www2.ccwdata.org/documents/10280/19022436/codebook-mbsf-abcd.pdf
beneficiary_2022.csv,beneficiary,MDCR_STATUS_CODE_08,mdcr_status_code_08,identifier_or_code,Source field retained; consult the CMS data dictionary for its definition.,https://www2.ccwdata.org/documents/10280/19022436/codebook-mbsf-abcd.pdf
beneficiary_2022.csv,beneficiary,MDCR_STATUS_CODE_09,mdcr_status_code_09,identifier_or_code,Source field retained; consult the CMS data dictionary for its definition.,https://www2.ccwdata.org/documents/10280/19022436/codebook-mbsf-abcd.pdf
beneficiary_2022.csv,beneficiary,MDCR_STATUS_CODE_10,mdcr_status_code_10,identifier_or_code,Source field retained; consult the CMS data dictionary for its definition.,https://www2.ccwdata.org/documents/10280/19022436/codebook-mbsf-abcd.pdf
beneficiary_2022.csv,beneficiary,MDCR_STATUS_CODE_11,mdcr_status_code_11,identifier_or_code,Source field retained; consult the CMS data dictionary for its definition.,https://www2.ccwdata.org/documents/10280/19022436/codebook-mbsf-abcd.pdf
beneficiary_2022.csv,beneficiary,MDCR_STATUS_CODE_12,mdcr_status_code_12,identifier_or_code,Source field retained; consult the CMS data dictionary for its definition.,https://www2.ccwdata.org/documents/10280/19022436/codebook-mbsf-abcd.pdf
beneficiary_2022.csv,beneficiary,PTD_PLAN_CVRG_MONS,ptd_plan_cvrg_mons,text_or_category,Source field retained; consult the CMS data dictionary for its definition.,https://www2.ccwdata.org/documents/10280/19022436/codebook-mbsf-abcd.pdf
beneficiary_2022.csv,beneficiary,MDCR_ENTLMT_BUYIN_IND_01,mdcr_entlmt_buyin_ind_01,text_or_category,Source field retained; consult the CMS data dictionary for its definition.,https://www2.ccwdata.org/documents/10280/19022436/codebook-mbsf-abcd.pdf
beneficiary_2022.csv,beneficiary,MDCR_ENTLMT_BUYIN_IND_02,mdcr_entlmt_buyin_ind_02,text_or_category,Source field retained; consult the CMS data dictionary for its definition.,https://www2.ccwdata.org/documents/10280/19022436/codebook-mbsf-abcd.pdf
beneficiary_2022.csv,beneficiary,MDCR_ENTLMT_BUYIN_IND_03,mdcr_entlmt_buyin_ind_03,text_or_category,Source field retained; consult the CMS data dictionary for its definition.,https://www2.ccwdata.org/documents/10280/19022436/codebook-mbsf-abcd.pdf
beneficiary_2022.csv,beneficiary,MDCR_ENTLMT_BUYIN_IND_04,mdcr_entlmt_buyin_ind_04,text_or_category,Source field retained; consult the CMS data dictionary for its definition.,https://www2.ccwdata.org/documents/10280/19022436/codebook-mbsf-abcd.pdf
beneficiary_2022.csv,beneficiary,MDCR_ENTLMT_BUYIN_IND_05,mdcr_entlmt_buyin_ind_05,text_or_category,Source field retained; consult the CMS data dictionary for its definition.,https://www2.ccwdata.org/documents/10280/19022436/codebook-mbsf-abcd.pdf
beneficiary_2022.csv,beneficiary,MDCR_ENTLMT_BUYIN_IND_06,mdcr_entlmt_buyin_ind_06,text_or_category,Source field retained; consult the CMS data dictionary for its definition.,https://www2.ccwdata.org/documents/10280/19022436/codebook-mbsf-abcd.pdf
beneficiary_2022.csv,beneficiary,MDCR_ENTLMT_BUYIN_IND_07,mdcr_entlmt_buyin_ind_07,text_or_category,Source field retained; consult the CMS data dictionary for its definition.,https://www2.ccwdata.org/documents/10280/19022436/codebook-mbsf-abcd.pdf
beneficiary_2022.csv,beneficiary,MDCR_ENTLMT_BUYIN_IND_08,mdcr_entlmt_buyin_ind_08,text_or_category,Source field retained; consult the CMS data dictionary for its definition.,https://www2.ccwdata.org/documents/10280/19022436/codebook-mbsf-abcd.pdf
beneficiary_2022.csv,beneficiary,MDCR_ENTLMT_BUYIN_IND_09,mdcr_entlmt_buyin_ind_09,text_or_category,Source field retained; consult the CMS data dictionary for its definition.,https://www2.ccwdata.org/documents/10280/19022436/codebook-mbsf-abcd.pdf
beneficiary_2022.csv,beneficiary,MDCR_ENTLMT_BUYIN_IND_10,mdcr_entlmt_buyin_ind_10,text_or_category,Source field retained; consult the CMS data dictionary for its definition.,https://www2.ccwdata.org/documents/10280/19022436/codebook-mbsf-abcd.pdf
beneficiary_2022.csv,beneficiary,MDCR_ENTLMT_BUYIN_IND_11,mdcr_entlmt_buyin_ind_11,text_or_category,Source field retained; consult the CMS data dictionary for its definition.,https://www2.ccwdata.org/documents/10280/19022436/codebook-mbsf-abcd.pdf
beneficiary_2022.csv,beneficiary,MDCR_ENTLMT_BUYIN_IND_12,mdcr_entlmt_buyin_ind_12,text_or_category,Source field retained; consult the CMS data dictionary for its definition.,https://www2.ccwdata.org/documents/10280/19022436/codebook-mbsf-abcd.pdf
beneficiary_2022.csv,beneficiary,HMO_IND_01,hmo_ind_01,text_or_category,Source field retained; consult the CMS data dictionary for its definition.,https://www2.ccwdata.org/documents/10280/19022436/codebook-mbsf-abcd.pdf
beneficiary_2022.csv,beneficiary,HMO_IND_02,hmo_ind_02,text_or_category,Source field retained; consult the CMS data dictionary for its definition.,https://www2.ccwdata.org/documents/10280/19022436/codebook-mbsf-abcd.pdf
beneficiary_2022.csv,beneficiary,HMO_IND_03,hmo_ind_03,text_or_category,Source field retained; consult the CMS data dictionary for its definition.,https://www2.ccwdata.org/documents/10280/19022436/codebook-mbsf-abcd.pdf
beneficiary_2022.csv,beneficiary,HMO_IND_04,hmo_ind_04,text_or_category,Source field retained; consult the CMS data dictionary for its definition.,https://www2.ccwdata.org/documents/10280/19022436/codebook-mbsf-abcd.pdf
beneficiary_2022.csv,beneficiary,HMO_IND_05,hmo_ind_05,text_or_category,Source field retained; consult the CMS data dictionary for its definition.,https://www2.ccwdata.org/documents/10280/19022436/codebook-mbsf-abcd.pdf
beneficiary_2022.csv,beneficiary,HMO_IND_06,hmo_ind_06,text_or_category,Source field retained; consult the CMS data dictionary for its definition.,https://www2.ccwdata.org/documents/10280/19022436/codebook-mbsf-abcd.pdf
beneficiary_2022.csv,beneficiary,HMO_IND_07,hmo_ind_07,text_or_category,Source field retained; consult the CMS data dictionary for its definition.,https://www2.ccwdata.org/documents/10280/19022436/codebook-mbsf-abcd.pdf
beneficiary_2022.csv,beneficiary,HMO_IND_08,hmo_ind_08,text_or_category,Source field retained; consult the CMS data dictionary for its definition.,https://www2.ccwdata.org/documents/10280/19022436/codebook-mbsf-abcd.pdf
beneficiary_2022.csv,beneficiary,HMO_IND_09,hmo_ind_09,text_or_category,Source field retained; consult the CMS data dictionary for its definition.,https://www2.ccwdata.org/documents/10280/19022436/codebook-mbsf-abcd.pdf
beneficiary_2022.csv,beneficiary,HMO_IND_10,hmo_ind_10,text_or_category,Source field retained; consult the CMS data dictionary for its definition.,https://www2.ccwdata.org/documents/10280/19022436/codebook-mbsf-abcd.pdf
beneficiary_2022.csv,beneficiary,HMO_IND_11,hmo_ind_11,text_or_category,Source field retained; consult the CMS data dictionary for its definition.,https://www2.ccwdata.org/documents/10280/19022436/codebook-mbsf-abcd.pdf
beneficiary_2022.csv,beneficiary,HMO_IND_12,hmo_ind_12,text_or_category,Source field retained; consult the CMS data dictionary for its definition.,https://www2.ccwdata.org/documents/10280/19022436/codebook-mbsf-abcd.pdf
beneficiary_2022.csv,beneficiary,PTC_CNTRCT_ID_01,ptc_cntrct_id_01,text_or_category,Source field retained; consult the CMS data dictionary for its definition.,https://www2.ccwdata.org/documents/10280/19022436/codebook-mbsf-abcd.pdf
beneficiary_2022.csv,beneficiary,PTC_CNTRCT_ID_02,ptc_cntrct_id_02,text_or_category,Source field retained; consult the CMS data dictionary for its definition.,https://www2.ccwdata.org/documents/10280/19022436/codebook-mbsf-abcd.pdf
beneficiary_2022.csv,beneficiary,PTC_CNTRCT_ID_03,ptc_cntrct_id_03,text_or_category,Source field retained; consult the CMS data dictionary for its definition.,https://www2.ccwdata.org/documents/10280/19022436/codebook-mbsf-abcd.pdf
beneficiary_2022.csv,beneficiary,PTC_CNTRCT_ID_04,ptc_cntrct_id_04,text_or_category,Source field retained; consult the CMS data dictionary for its definition.,https://www2.ccwdata.org/documents/10280/19022436/codebook-mbsf-abcd.pdf
beneficiary_2022.csv,beneficiary,PTC_CNTRCT_ID_05,ptc_cntrct_id_05,text_or_category,Source field retained; consult the CMS data dictionary for its definition.,https://www2.ccwdata.org/documents/10280/19022436/codebook-mbsf-abcd.pdf
beneficiary_2022.csv,beneficiary,PTC_CNTRCT_ID_06,ptc_cntrct_id_06,text_or_category,Source field retained; consult the CMS data dictionary for its definition.,https://www2.ccwdata.org/documents/10280/19022436/codebook-mbsf-abcd.pdf
beneficiary_2022.csv,beneficiary,PTC_CNTRCT_ID_07,ptc_cntrct_id_07,text_or_category,Source field retained; consult the CMS data dictionary for its definition.,https://www2.ccwdata.org/documents/10280/19022436/codebook-mbsf-abcd.pdf
beneficiary_2022.csv,beneficiary,PTC_CNTRCT_ID_08,ptc_cntrct_id_08,text_or_category,Source field retained; consult the CMS data dictionary for its definition.,https://www2.ccwdata.org/documents/10280/19022436/codebook-mbsf-abcd.pdf
beneficiary_2022.csv,beneficiary,PTC_CNTRCT_ID_09,ptc_cntrct_id_09,text_or_category,Source field retained; consult the CMS data dictionary for its definition.,https://www2.ccwdata.org/documents/10280/19022436/codebook-mbsf-abcd.pdf
beneficiary_2022.csv,beneficiary,PTC_CNTRCT_ID_10,ptc_cntrct_id_10,text_or_category,Source field retained; consult the CMS data dictionary for its definition.,https://www2.ccwdata.org/documents/10280/19022436/codebook-mbsf-abcd.pdf
beneficiary_2022.csv,beneficiary,PTC_CNTRCT_ID_11,ptc_cntrct_id_11,text_or_category,Source field retained; consult the CMS data dictionary for its definition.,https://www2.ccwdata.org/documents/10280/19022436/codebook-mbsf-abcd.pdf
beneficiary_2022.csv,beneficiary,PTC_CNTRCT_ID_12,ptc_cntrct_id_12,text_or_category,Source field retained; consult the CMS data dictionary for its definition.,https://www2.ccwdata.org/documents/10280/19022436/codebook-mbsf-abcd.pdf
beneficiary_2022.csv,beneficiary,PTC_PBP_ID_01,ptc_pbp_id_01,text_or_category,Source field retained; consult the CMS data dictionary for its definition.,https://www2.ccwdata.org/documents/10280/19022436/codebook-mbsf-abcd.pdf
beneficiary_2022.csv,beneficiary,PTC_PBP_ID_02,ptc_pbp_id_02,text_or_category,Source field retained; consult the CMS data dictionary for its definition.,https://www2.ccwdata.org/documents/10280/19022436/codebook-mbsf-abcd.pdf
beneficiary_2022.csv,beneficiary,PTC_PBP_ID_03,ptc_pbp_id_03,text_or_category,Source field retained; consult the CMS data dictionary for its definition.,https://www2.ccwdata.org/documents/10280/19022436/codebook-mbsf-abcd.pdf
beneficiary_2022.csv,beneficiary,PTC_PBP_ID_04,ptc_pbp_id_04,text_or_category,Source field retained; consult the CMS data dictionary for its definition.,https://www2.ccwdata.org/documents/10280/19022436/codebook-mbsf-abcd.pdf
beneficiary_2022.csv,beneficiary,PTC_PBP_ID_05,ptc_pbp_id_05,text_or_category,Source field retained; consult the CMS data dictionary for its definition.,https://www2.ccwdata.org/documents/10280/19022436/codebook-mbsf-abcd.pdf
beneficiary_2022.csv,beneficiary,PTC_PBP_ID_06,ptc_pbp_id_06,text_or_category,Source field retained; consult the CMS data dictionary for its definition.,https://www2.ccwdata.org/documents/10280/19022436/codebook-mbsf-abcd.pdf
beneficiary_2022.csv,beneficiary,PTC_PBP_ID_07,ptc_pbp_id_07,text_or_category,Source field retained; consult the CMS data dictionary for its definition.,https://www2.ccwdata.org/documents/10280/19022436/codebook-mbsf-abcd.pdf
beneficiary_2022.csv,beneficiary,PTC_PBP_ID_08,ptc_pbp_id_08,text_or_category,Source field retained; consult the CMS data dictionary for its definition.,https://www2.ccwdata.org/documents/10280/19022436/codebook-mbsf-abcd.pdf
beneficiary_2022.csv,beneficiary,PTC_PBP_ID_09,ptc_pbp_id_09,text_or_category,Source field retained; consult the CMS data dictionary for its definition.,https://www2.ccwdata.org/documents/10280/19022436/codebook-mbsf-abcd.pdf
beneficiary_2022.csv,beneficiary,PTC_PBP_ID_10,ptc_pbp_id_10,text_or_category,Source field retained; consult the CMS data dictionary for its definition.,https://www2.ccwdata.org/documents/10280/19022436/codebook-mbsf-abcd.pdf
beneficiary_2022.csv,beneficiary,PTC_PBP_ID_11,ptc_pbp_id_11,text_or_category,Source field retained; consult the CMS data dictionary for its definition.,https://www2.ccwdata.org/documents/10280/19022436/codebook-mbsf-abcd.pdf
beneficiary_2022.csv,beneficiary,PTC_PBP_ID_12,ptc_pbp_id_12,text_or_category,Source field retained; consult the CMS data dictionary for its definition.,https://www2.ccwdata.org/documents/10280/19022436/codebook-mbsf-abcd.pdf
beneficiary_2022.csv,beneficiary,PTC_PLAN_TYPE_CD_01,ptc_plan_type_cd_01,text_or_category,Source field retained; consult the CMS data dictionary for its definition.,https://www2.ccwdata.org/documents/10280/19022436/codebook-mbsf-abcd.pdf
beneficiary_2022.csv,beneficiary,PTC_PLAN_TYPE_CD_02,ptc_plan_type_cd_02,text_or_category,Source field retained; consult the CMS data dictionary for its definition.,https://www2.ccwdata.org/documents/10280/19022436/codebook-mbsf-abcd.pdf
beneficiary_2022.csv,beneficiary,PTC_PLAN_TYPE_CD_03,ptc_plan_type_cd_03,text_or_category,Source field retained; consult the CMS data dictionary for its definition.,https://www2.ccwdata.org/documents/10280/19022436/codebook-mbsf-abcd.pdf
beneficiary_2022.csv,beneficiary,PTC_PLAN_TYPE_CD_04,ptc_plan_type_cd_04,text_or_category,Source field retained; consult the CMS data dictionary for its definition.,https://www2.ccwdata.org/documents/10280/19022436/codebook-mbsf-abcd.pdf
beneficiary_2022.csv,beneficiary,PTC_PLAN_TYPE_CD_05,ptc_plan_type_cd_05,text_or_category,Source field retained; consult the CMS data dictionary for its definition.,https://www2.ccwdata.org/documents/10280/19022436/codebook-mbsf-abcd.pdf
beneficiary_2022.csv,beneficiary,PTC_PLAN_TYPE_CD_06,ptc_plan_type_cd_06,text_or_category,Source field retained; consult the CMS data dictionary for its definition.,https://www2.ccwdata.org/documents/10280/19022436/codebook-mbsf-abcd.pdf
beneficiary_2022.csv,beneficiary,PTC_PLAN_TYPE_CD_07,ptc_plan_type_cd_07,text_or_category,Source field retained; consult the CMS data dictionary for its definition.,https://www2.ccwdata.org/documents/10280/19022436/codebook-mbsf-abcd.pdf
beneficiary_2022.csv,beneficiary,PTC_PLAN_TYPE_CD_08,ptc_plan_type_cd_08,text_or_category,Source field retained; consult the CMS data dictionary for its definition.,https://www2.ccwdata.org/documents/10280/19022436/codebook-mbsf-abcd.pdf
beneficiary_2022.csv,beneficiary,PTC_PLAN_TYPE_CD_09,ptc_plan_type_cd_09,text_or_category,Source field retained; consult the CMS data dictionary for its definition.,https://www2.ccwdata.org/documents/10280/19022436/codebook-mbsf-abcd.pdf
beneficiary_2022.csv,beneficiary,PTC_PLAN_TYPE_CD_10,ptc_plan_type_cd_10,text_or_category,Source field retained; consult the CMS data dictionary for its definition.,https://www2.ccwdata.org/documents/10280/19022436/codebook-mbsf-abcd.pdf
beneficiary_2022.csv,beneficiary,PTC_PLAN_TYPE_CD_11,ptc_plan_type_cd_11,text_or_category,Source field retained; consult the CMS data dictionary for its definition.,https://www2.ccwdata.org/documents/10280/19022436/codebook-mbsf-abcd.pdf
beneficiary_2022.csv,beneficiary,PTC_PLAN_TYPE_CD_12,ptc_plan_type_cd_12,text_or_category,Source field retained; consult the CMS data dictionary for its definition.,https://www2.ccwdata.org/documents/10280/19022436/codebook-mbsf-abcd.pdf
beneficiary_2022.csv,beneficiary,PTD_CNTRCT_ID_01,ptd_cntrct_id_01,text_or_category,Source field retained; consult the CMS data dictionary for its definition.,https://www2.ccwdata.org/documents/10280/19022436/codebook-mbsf-abcd.pdf
beneficiary_2022.csv,beneficiary,PTD_CNTRCT_ID_02,ptd_cntrct_id_02,text_or_category,Source field retained; consult the CMS data dictionary for its definition.,https://www2.ccwdata.org/documents/10280/19022436/codebook-mbsf-abcd.pdf
beneficiary_2022.csv,beneficiary,PTD_CNTRCT_ID_03,ptd_cntrct_id_03,text_or_category,Source field retained; consult the CMS data dictionary for its definition.,https://www2.ccwdata.org/documents/10280/19022436/codebook-mbsf-abcd.pdf
beneficiary_2022.csv,beneficiary,PTD_CNTRCT_ID_04,ptd_cntrct_id_04,text_or_category,Source field retained; consult the CMS data dictionary for its definition.,https://www2.ccwdata.org/documents/10280/19022436/codebook-mbsf-abcd.pdf
beneficiary_2022.csv,beneficiary,PTD_CNTRCT_ID_05,ptd_cntrct_id_05,text_or_category,Source field retained; consult the CMS data dictionary for its definition.,https://www2.ccwdata.org/documents/10280/19022436/codebook-mbsf-abcd.pdf
beneficiary_2022.csv,beneficiary,PTD_CNTRCT_ID_06,ptd_cntrct_id_06,text_or_category,Source field retained; consult the CMS data dictionary for its definition.,https://www2.ccwdata.org/documents/10280/19022436/codebook-mbsf-abcd.pdf
beneficiary_2022.csv,beneficiary,PTD_CNTRCT_ID_07,ptd_cntrct_id_07,text_or_category,Source field retained; consult the CMS data dictionary for its definition.,https://www2.ccwdata.org/documents/10280/19022436/codebook-mbsf-abcd.pdf
beneficiary_2022.csv,beneficiary,PTD_CNTRCT_ID_08,ptd_cntrct_id_08,text_or_category,Source field retained; consult the CMS data dictionary for its definition.,https://www2.ccwdata.org/documents/10280/19022436/codebook-mbsf-abcd.pdf
beneficiary_2022.csv,beneficiary,PTD_CNTRCT_ID_09,ptd_cntrct_id_09,text_or_category,Source field retained; consult the CMS data dictionary for its definition.,https://www2.ccwdata.org/documents/10280/19022436/codebook-mbsf-abcd.pdf
beneficiary_2022.csv,beneficiary,PTD_CNTRCT_ID_10,ptd_cntrct_id_10,text_or_category,Source field retained; consult the CMS data dictionary for its definition.,https://www2.ccwdata.org/documents/10280/19022436/codebook-mbsf-abcd.pdf
beneficiary_2022.csv,beneficiary,PTD_CNTRCT_ID_11,ptd_cntrct_id_11,text_or_category,Source field retained; consult the CMS data dictionary for its definition.,https://www2.ccwdata.org/documents/10280/19022436/codebook-mbsf-abcd.pdf
beneficiary_2022.csv,beneficiary,PTD_CNTRCT_ID_12,ptd_cntrct_id_12,text_or_category,Source field retained; consult the CMS data dictionary for its definition.,https://www2.ccwdata.org/documents/10280/19022436/codebook-mbsf-abcd.pdf
beneficiary_2022.csv,beneficiary,PTD_PBP_ID_01,ptd_pbp_id_01,text_or_category,Source field retained; consult the CMS data dictionary for its definition.,https://www2.ccwdata.org/documents/10280/19022436/codebook-mbsf-abcd.pdf
beneficiary_2022.csv,beneficiary,PTD_PBP_ID_02,ptd_pbp_id_02,text_or_category,Source field retained; consult the CMS data dictionary for its definition.,https://www2.ccwdata.org/documents/10280/19022436/codebook-mbsf-abcd.pdf
beneficiary_2022.csv,beneficiary,PTD_PBP_ID_03,ptd_pbp_id_03,text_or_category,Source field retained; consult the CMS data dictionary for its definition.,https://www2.ccwdata.org/documents/10280/19022436/codebook-mbsf-abcd.pdf
beneficiary_2022.csv,beneficiary,PTD_PBP_ID_04,ptd_pbp_id_04,text_or_category,Source field retained; consult the CMS data dictionary for its definition.,https://www2.ccwdata.org/documents/10280/19022436/codebook-mbsf-abcd.pdf
beneficiary_2022.csv,beneficiary,PTD_PBP_ID_05,ptd_pbp_id_05,text_or_category,Source field retained; consult the CMS data dictionary for its definition.,https://www2.ccwdata.org/documents/10280/19022436/codebook-mbsf-abcd.pdf
beneficiary_2022.csv,beneficiary,PTD_PBP_ID_06,ptd_pbp_id_06,text_or_category,Source field retained; consult the CMS data dictionary for its definition.,https://www2.ccwdata.org/documents/10280/19022436/codebook-mbsf-abcd.pdf
beneficiary_2022.csv,beneficiary,PTD_PBP_ID_07,ptd_pbp_id_07,text_or_category,Source field retained; consult the CMS data dictionary for its definition.,https://www2.ccwdata.org/documents/10280/19022436/codebook-mbsf-abcd.pdf
beneficiary_2022.csv,beneficiary,PTD_PBP_ID_08,ptd_pbp_id_08,text_or_category,Source field retained; consult the CMS data dictionary for its definition.,https://www2.ccwdata.org/documents/10280/19022436/codebook-mbsf-abcd.pdf
beneficiary_2022.csv,beneficiary,PTD_PBP_ID_09,ptd_pbp_id_09,text_or_category,Source field retained; consult the CMS data dictionary for its definition.,https://www2.ccwdata.org/documents/10280/19022436/codebook-mbsf-abcd.pdf
beneficiary_2022.csv,beneficiary,PTD_PBP_ID_10,ptd_pbp_id_10,text_or_category,Source field retained; consult the CMS data dictionary for its definition.,https://www2.ccwdata.org/documents/10280/19022436/codebook-mbsf-abcd.pdf
beneficiary_2022.csv,beneficiary,PTD_PBP_ID_11,ptd_pbp_id_11,text_or_category,Source field retained; consult the CMS data dictionary for its definition.,https://www2.ccwdata.org/documents/10280/19022436/codebook-mbsf-abcd.pdf
beneficiary_2022.csv,beneficiary,PTD_PBP_ID_12,ptd_pbp_id_12,text_or_category,Source field retained; consult the CMS data dictionary for its definition.,https://www2.ccwdata.org/documents/10280/19022436/codebook-mbsf-abcd.pdf
beneficiary_2022.csv,beneficiary,PTD_SGMT_ID_01,ptd_sgmt_id_01,text_or_category,Source field retained; consult the CMS data dictionary for its definition.,https://www2.ccwdata.org/documents/10280/19022436/codebook-mbsf-abcd.pdf
beneficiary_2022.csv,beneficiary,PTD_SGMT_ID_02,ptd_sgmt_id_02,text_or_category,Source field retained; consult the CMS data dictionary for its definition.,https://www2.ccwdata.org/documents/10280/19022436/codebook-mbsf-abcd.pdf
beneficiary_2022.csv,beneficiary,PTD_SGMT_ID_03,ptd_sgmt_id_03,text_or_category,Source field retained; consult the CMS data dictionary for its definition.,https://www2.ccwdata.org/documents/10280/19022436/codebook-mbsf-abcd.pdf
beneficiary_2022.csv,beneficiary,PTD_SGMT_ID_04,ptd_sgmt_id_04,text_or_category,Source field retained; consult the CMS data dictionary for its definition.,https://www2.ccwdata.org/documents/10280/19022436/codebook-mbsf-abcd.pdf
beneficiary_2022.csv,beneficiary,PTD_SGMT_ID_05,ptd_sgmt_id_05,text_or_category,Source field retained; consult the CMS data dictionary for its definition.,https://www2.ccwdata.org/documents/10280/19022436/codebook-mbsf-abcd.pdf
beneficiary_2022.csv,beneficiary,PTD_SGMT_ID_06,ptd_sgmt_id_06,text_or_category,Source field retained; consult the CMS data dictionary for its definition.,https://www2.ccwdata.org/documents/10280/19022436/codebook-mbsf-abcd.pdf
beneficiary_2022.csv,beneficiary,PTD_SGMT_ID_07,ptd_sgmt_id_07,text_or_category,Source field retained; consult the CMS data dictionary for its definition.,https://www2.ccwdata.org/documents/10280/19022436/codebook-mbsf-abcd.pdf
beneficiary_2022.csv,beneficiary,PTD_SGMT_ID_08,ptd_sgmt_id_08,text_or_category,Source field retained; consult the CMS data dictionary for its definition.,https://www2.ccwdata.org/documents/10280/19022436/codebook-mbsf-abcd.pdf
beneficiary_2022.csv,beneficiary,PTD_SGMT_ID_09,ptd_sgmt_id_09,text_or_category,Source field retained; consult the CMS data dictionary for its definition.,https://www2.ccwdata.org/documents/10280/19022436/codebook-mbsf-abcd.pdf
beneficiary_2022.csv,beneficiary,PTD_SGMT_ID_10,ptd_sgmt_id_10,text_or_category,Source field retained; consult the CMS data dictionary for its definition.,https://www2.ccwdata.org/documents/10280/19022436/codebook-mbsf-abcd.pdf
beneficiary_2022.csv,beneficiary,PTD_SGMT_ID_11,ptd_sgmt_id_11,text_or_category,Source field retained; consult the CMS data dictionary for its definition.,https://www2.ccwdata.org/documents/10280/19022436/codebook-mbsf-abcd.pdf
beneficiary_2022.csv,beneficiary,PTD_SGMT_ID_12,ptd_sgmt_id_12,text_or_category,Source field retained; consult the CMS data dictionary for its definition.,https://www2.ccwdata.org/documents/10280/19022436/codebook-mbsf-abcd.pdf
beneficiary_2022.csv,beneficiary,RDS_IND_01,rds_ind_01,text_or_category,Source field retained; consult the CMS data dictionary for its definition.,https://www2.ccwdata.org/documents/10280/19022436/codebook-mbsf-abcd.pdf
beneficiary_2022.csv,beneficiary,RDS_IND_02,rds_ind_02,text_or_category,Source field retained; consult the CMS data dictionary for its definition.,https://www2.ccwdata.org/documents/10280/19022436/codebook-mbsf-abcd.pdf
beneficiary_2022.csv,beneficiary,RDS_IND_03,rds_ind_03,text_or_category,Source field retained; consult the CMS data dictionary for its definition.,https://www2.ccwdata.org/documents/10280/19022436/codebook-mbsf-abcd.pdf
beneficiary_2022.csv,beneficiary,RDS_IND_04,rds_ind_04,text_or_category,Source field retained; consult the CMS data dictionary for its definition.,https://www2.ccwdata.org/documents/10280/19022436/codebook-mbsf-abcd.pdf
beneficiary_2022.csv,beneficiary,RDS_IND_05,rds_ind_05,text_or_category,Source field retained; consult the CMS data dictionary for its definition.,https://www2.ccwdata.org/documents/10280/19022436/codebook-mbsf-abcd.pdf
beneficiary_2022.csv,beneficiary,RDS_IND_06,rds_ind_06,text_or_category,Source field retained; consult the CMS data dictionary for its definition.,https://www2.ccwdata.org/documents/10280/19022436/codebook-mbsf-abcd.pdf
beneficiary_2022.csv,beneficiary,RDS_IND_07,rds_ind_07,text_or_category,Source field retained; consult the CMS data dictionary for its definition.,https://www2.ccwdata.org/documents/10280/19022436/codebook-mbsf-abcd.pdf
beneficiary_2022.csv,beneficiary,RDS_IND_08,rds_ind_08,text_or_category,Source field retained; consult the CMS data dictionary for its definition.,https://www2.ccwdata.org/documents/10280/19022436/codebook-mbsf-abcd.pdf
beneficiary_2022.csv,beneficiary,RDS_IND_09,rds_ind_09,text_or_category,Source field retained; consult the CMS data dictionary for its definition.,https://www2.ccwdata.org/documents/10280/19022436/codebook-mbsf-abcd.pdf
beneficiary_2022.csv,beneficiary,RDS_IND_10,rds_ind_10,text_or_category,Source field retained; consult the CMS data dictionary for its definition.,https://www2.ccwdata.org/documents/10280/19022436/codebook-mbsf-abcd.pdf
beneficiary_2022.csv,beneficiary,RDS_IND_11,rds_ind_11,text_or_category,Source field retained; consult the CMS data dictionary for its definition.,https://www2.ccwdata.org/documents/10280/19022436/codebook-mbsf-abcd.pdf
beneficiary_2022.csv,beneficiary,RDS_IND_12,rds_ind_12,text_or_category,Source field retained; consult the CMS data dictionary for its definition.,https://www2.ccwdata.org/documents/10280/19022436/codebook-mbsf-abcd.pdf
beneficiary_2022.csv,beneficiary,DUAL_STUS_CD_01,dual_stus_cd_01,text_or_category,Source field retained; consult the CMS data dictionary for its definition.,https://www2.ccwdata.org/documents/10280/19022436/codebook-mbsf-abcd.pdf
beneficiary_2022.csv,beneficiary,DUAL_STUS_CD_02,dual_stus_cd_02,text_or_category,Source field retained; consult the CMS data dictionary for its definition.,https://www2.ccwdata.org/documents/10280/19022436/codebook-mbsf-abcd.pdf
beneficiary_2022.csv,beneficiary,DUAL_STUS_CD_03,dual_stus_cd_03,text_or_category,Source field retained; consult the CMS data dictionary for its definition.,https://www2.ccwdata.org/documents/10280/19022436/codebook-mbsf-abcd.pdf
beneficiary_2022.csv,beneficiary,DUAL_STUS_CD_04,dual_stus_cd_04,text_or_category,Source field retained; consult the CMS data dictionary for its definition.,https://www2.ccwdata.org/documents/10280/19022436/codebook-mbsf-abcd.pdf
beneficiary_2022.csv,beneficiary,DUAL_STUS_CD_05,dual_stus_cd_05,text_or_category,Source field retained; consult the CMS data dictionary for its definition.,https://www2.ccwdata.org/documents/10280/19022436/codebook-mbsf-abcd.pdf
beneficiary_2022.csv,beneficiary,DUAL_STUS_CD_06,dual_stus_cd_06,text_or_category,Source field retained; consult the CMS data dictionary for its definition.,https://www2.ccwdata.org/documents/10280/19022436/codebook-mbsf-abcd.pdf
beneficiary_2022.csv,beneficiary,DUAL_STUS_CD_07,dual_stus_cd_07,text_or_category,Source field retained; consult the CMS data dictionary for its definition.,https://www2.ccwdata.org/documents/10280/19022436/codebook-mbsf-abcd.pdf
beneficiary_2022.csv,beneficiary,DUAL_STUS_CD_08,dual_stus_cd_08,text_or_category,Source field retained; consult the CMS data dictionary for its definition.,https://www2.ccwdata.org/documents/10280/19022436/codebook-mbsf-abcd.pdf
beneficiary_2022.csv,beneficiary,DUAL_STUS_CD_09,dual_stus_cd_09,text_or_category,Source field retained; consult the CMS data dictionary for its definition.,https://www2.ccwdata.org/documents/10280/19022436/codebook-mbsf-abcd.pdf
beneficiary_2022.csv,beneficiary,DUAL_STUS_CD_10,dual_stus_cd_10,text_or_category,Source field retained; consult the CMS data dictionary for its definition.,https://www2.ccwdata.org/documents/10280/19022436/codebook-mbsf-abcd.pdf
beneficiary_2022.csv,beneficiary,DUAL_STUS_CD_11,dual_stus_cd_11,text_or_category,Source field retained; consult the CMS data dictionary for its definition.,https://www2.ccwdata.org/documents/10280/19022436/codebook-mbsf-abcd.pdf
beneficiary_2022.csv,beneficiary,DUAL_STUS_CD_12,dual_stus_cd_12,text_or_category,Source field retained; consult the CMS data dictionary for its definition.,https://www2.ccwdata.org/documents/10280/19022436/codebook-mbsf-abcd.pdf
beneficiary_2022.csv,beneficiary,CST_SHR_GRP_CD_01,cst_shr_grp_cd_01,text_or_category,Source field retained; consult the CMS data dictionary for its definition.,https://www2.ccwdata.org/documents/10280/19022436/codebook-mbsf-abcd.pdf
beneficiary_2022.csv,beneficiary,CST_SHR_GRP_CD_02,cst_shr_grp_cd_02,text_or_category,Source field retained; consult the CMS data dictionary for its definition.,https://www2.ccwdata.org/documents/10280/19022436/codebook-mbsf-abcd.pdf
beneficiary_2022.csv,beneficiary,CST_SHR_GRP_CD_03,cst_shr_grp_cd_03,text_or_category,Source field retained; consult the CMS data dictionary for its definition.,https://www2.ccwdata.org/documents/10280/19022436/codebook-mbsf-abcd.pdf
beneficiary_2022.csv,beneficiary,CST_SHR_GRP_CD_04,cst_shr_grp_cd_04,text_or_category,Source field retained; consult the CMS data dictionary for its definition.,https://www2.ccwdata.org/documents/10280/19022436/codebook-mbsf-abcd.pdf
beneficiary_2022.csv,beneficiary,CST_SHR_GRP_CD_05,cst_shr_grp_cd_05,text_or_category,Source field retained; consult the CMS data dictionary for its definition.,https://www2.ccwdata.org/documents/10280/19022436/codebook-mbsf-abcd.pdf
beneficiary_2022.csv,beneficiary,CST_SHR_GRP_CD_06,cst_shr_grp_cd_06,text_or_category,Source field retained; consult the CMS data dictionary for its definition.,https://www2.ccwdata.org/documents/10280/19022436/codebook-mbsf-abcd.pdf
beneficiary_2022.csv,beneficiary,CST_SHR_GRP_CD_07,cst_shr_grp_cd_07,text_or_category,Source field retained; consult the CMS data dictionary for its definition.,https://www2.ccwdata.org/documents/10280/19022436/codebook-mbsf-abcd.pdf
beneficiary_2022.csv,beneficiary,CST_SHR_GRP_CD_08,cst_shr_grp_cd_08,text_or_category,Source field retained; consult the CMS data dictionary for its definition.,https://www2.ccwdata.org/documents/10280/19022436/codebook-mbsf-abcd.pdf
beneficiary_2022.csv,beneficiary,CST_SHR_GRP_CD_09,cst_shr_grp_cd_09,text_or_category,Source field retained; consult the CMS data dictionary for its definition.,https://www2.ccwdata.org/documents/10280/19022436/codebook-mbsf-abcd.pdf
beneficiary_2022.csv,beneficiary,CST_SHR_GRP_CD_10,cst_shr_grp_cd_10,text_or_category,Source field retained; consult the CMS data dictionary for its definition.,https://www2.ccwdata.org/documents/10280/19022436/codebook-mbsf-abcd.pdf
beneficiary_2022.csv,beneficiary,CST_SHR_GRP_CD_11,cst_shr_grp_cd_11,text_or_category,Source field retained; consult the CMS data dictionary for its definition.,https://www2.ccwdata.org/documents/10280/19022436/codebook-mbsf-abcd.pdf
beneficiary_2022.csv,beneficiary,CST_SHR_GRP_CD_12,cst_shr_grp_cd_12,text_or_category,Source field retained; consult the CMS data dictionary for its definition.,https://www2.ccwdata.org/documents/10280/19022436/codebook-mbsf-abcd.pdf
beneficiary_2023.csv,beneficiary,BENE_ID,bene_id,identifier_or_code,CMS synthetic beneficiary identifier; preserved as text.,https://www2.ccwdata.org/documents/10280/19022436/codebook-mbsf-abcd.pdf
beneficiary_2023.csv,beneficiary,STATE_CODE,state_code,text_or_category,Source field retained; consult the CMS data dictionary for its definition.,https://www2.ccwdata.org/documents/10280/19022436/codebook-mbsf-abcd.pdf
beneficiary_2023.csv,beneficiary,COUNTY_CD,county_cd,identifier_or_code,Source field retained; consult the CMS data dictionary for its definition.,https://www2.ccwdata.org/documents/10280/19022436/codebook-mbsf-abcd.pdf
beneficiary_2023.csv,beneficiary,ZIP_CD,zip_cd,identifier_or_code,Source field retained; consult the CMS data dictionary for its definition.,https://www2.ccwdata.org/documents/10280/19022436/codebook-mbsf-abcd.pdf
beneficiary_2023.csv,beneficiary,BENE_BIRTH_DT,bene_birth_dt,date,Source field retained; consult the CMS data dictionary for its definition.,https://www2.ccwdata.org/documents/10280/19022436/codebook-mbsf-abcd.pdf
beneficiary_2023.csv,beneficiary,SEX_IDENT_CD,sex_ident_cd,identifier_or_code,Source field retained; consult the CMS data dictionary for its definition.,https://www2.ccwdata.org/documents/10280/19022436/codebook-mbsf-abcd.pdf
beneficiary_2023.csv,beneficiary,BENE_RACE_CD,bene_race_cd,identifier_or_code,Source field retained; consult the CMS data dictionary for its definition.,https://www2.ccwdata.org/documents/10280/19022436/codebook-mbsf-abcd.pdf
beneficiary_2023.csv,beneficiary,ENTLMT_RSN_ORIG,entlmt_rsn_orig,text_or_category,Source field retained; consult the CMS data dictionary for its definition.,https://www2.ccwdata.org/documents/10280/19022436/codebook-mbsf-abcd.pdf
beneficiary_2023.csv,beneficiary,ENTLMT_RSN_CURR,entlmt_rsn_curr,text_or_category,Source field retained; consult the CMS data dictionary for its definition.,https://www2.ccwdata.org/documents/10280/19022436/codebook-mbsf-abcd.pdf
beneficiary_2023.csv,beneficiary,ESRD_IND,esrd_ind,text_or_category,Source field retained; consult the CMS data dictionary for its definition.,https://www2.ccwdata.org/documents/10280/19022436/codebook-mbsf-abcd.pdf
beneficiary_2023.csv,beneficiary,BENE_PTA_TRMNTN_CD,bene_pta_trmntn_cd,identifier_or_code,Source field retained; consult the CMS data dictionary for its definition.,https://www2.ccwdata.org/documents/10280/19022436/codebook-mbsf-abcd.pdf
beneficiary_2023.csv,beneficiary,BENE_PTB_TRMNTN_CD,bene_ptb_trmntn_cd,identifier_or_code,Source field retained; consult the CMS data dictionary for its definition.,https://www2.ccwdata.org/documents/10280/19022436/codebook-mbsf-abcd.pdf
beneficiary_2023.csv,beneficiary,BENE_DEATH_DT,bene_death_dt,date,Source field retained; consult the CMS data dictionary for its definition.,https://www2.ccwdata.org/documents/10280/19022436/codebook-mbsf-abcd.pdf
beneficiary_2023.csv,beneficiary,BENE_ENROLLMT_REF_YR,bene_enrollmt_ref_yr,text_or_category,Source field retained; consult the CMS data dictionary for its definition.,https://www2.ccwdata.org/documents/10280/19022436/codebook-mbsf-abcd.pdf
beneficiary_2023.csv,beneficiary,BENE_HI_CVRAGE_TOT_MONS,bene_hi_cvrage_tot_mons,text_or_category,Source field retained; consult the CMS data dictionary for its definition.,https://www2.ccwdata.org/documents/10280/19022436/codebook-mbsf-abcd.pdf
beneficiary_2023.csv,beneficiary,BENE_SMI_CVRAGE_TOT_MONS,bene_smi_cvrage_tot_mons,text_or_category,Source field retained; consult the CMS data dictionary for its definition.,https://www2.ccwdata.org/documents/10280/19022436/codebook-mbsf-abcd.pdf
beneficiary_2023.csv,beneficiary,BENE_STATE_BUYIN_TOT_MONS,bene_state_buyin_tot_mons,text_or_category,Source field retained; consult the CMS data dictionary for its definition.,https://www2.ccwdata.org/documents/10280/19022436/codebook-mbsf-abcd.pdf
beneficiary_2023.csv,beneficiary,BENE_HMO_CVRAGE_TOT_MONS,bene_hmo_cvrage_tot_mons,text_or_category,Source field retained; consult the CMS data dictionary for its definition.,https://www2.ccwdata.org/documents/10280/19022436/codebook-mbsf-abcd.pdf
beneficiary_2023.csv,beneficiary,RDS_CVRG_MONS,rds_cvrg_mons,text_or_category,Source field retained; consult the CMS data dictionary for its definition.,https://www2.ccwdata.org/documents/10280/19022436/codebook-mbsf-abcd.pdf
beneficiary_2023.csv,beneficiary,ENRL_SRC,enrl_src,text_or_category,Source field retained; consult the CMS data dictionary for its definition.,https://www2.ccwdata.org/documents/10280/19022436/codebook-mbsf-abcd.pdf
beneficiary_2023.csv,beneficiary,SAMPLE_GROUP,sample_group,text_or_category,Source field retained; consult the CMS data dictionary for its definition.,https://www2.ccwdata.org/documents/10280/19022436/codebook-mbsf-abcd.pdf
beneficiary_2023.csv,beneficiary,ENHANCED_FIVE_PERCENT_FLAG,enhanced_five_percent_flag,text_or_category,Source field retained; consult the CMS data dictionary for its definition.,https://www2.ccwdata.org/documents/10280/19022436/codebook-mbsf-abcd.pdf
beneficiary_2023.csv,beneficiary,CRNT_BIC_CD,crnt_bic_cd,identifier_or_code,Source field retained; consult the CMS data dictionary for its definition.,https://www2.ccwdata.org/documents/10280/19022436/codebook-mbsf-abcd.pdf
beneficiary_2023.csv,beneficiary,AGE_AT_END_REF_YR,age_at_end_ref_yr,text_or_category,Source field retained; consult the CMS data dictionary for its definition.,https://www2.ccwdata.org/documents/10280/19022436/codebook-mbsf-abcd.pdf
beneficiary_2023.csv,beneficiary,COVSTART,covstart,text_or_category,Source field retained; consult the CMS data dictionary for its definition.,https://www2.ccwdata.org/documents/10280/19022436/codebook-mbsf-abcd.pdf
beneficiary_2023.csv,beneficiary,DUAL_ELGBL_MONS,dual_elgbl_mons,text_or_category,Source field retained; consult the CMS data dictionary for its definition.,https://www2.ccwdata.org/documents/10280/19022436/codebook-mbsf-abcd.pdf
beneficiary_2023.csv,beneficiary,STATE_CNTY_FIPS_CD_01,state_cnty_fips_cd_01,text_or_category,Source field retained; consult the CMS data dictionary for its definition.,https://www2.ccwdata.org/documents/10280/19022436/codebook-mbsf-abcd.pdf
beneficiary_2023.csv,beneficiary,STATE_CNTY_FIPS_CD_02,state_cnty_fips_cd_02,text_or_category,Source field retained; consult the CMS data dictionary for its definition.,https://www2.ccwdata.org/documents/10280/19022436/codebook-mbsf-abcd.pdf
beneficiary_2023.csv,beneficiary,STATE_CNTY_FIPS_CD_03,state_cnty_fips_cd_03,text_or_category,Source field retained; consult the CMS data dictionary for its definition.,https://www2.ccwdata.org/documents/10280/19022436/codebook-mbsf-abcd.pdf
beneficiary_2023.csv,beneficiary,STATE_CNTY_FIPS_CD_04,state_cnty_fips_cd_04,text_or_category,Source field retained; consult the CMS data dictionary for its definition.,https://www2.ccwdata.org/documents/10280/19022436/codebook-mbsf-abcd.pdf
beneficiary_2023.csv,beneficiary,STATE_CNTY_FIPS_CD_05,state_cnty_fips_cd_05,text_or_category,Source field retained; consult the CMS data dictionary for its definition.,https://www2.ccwdata.org/documents/10280/19022436/codebook-mbsf-abcd.pdf
beneficiary_2023.csv,beneficiary,STATE_CNTY_FIPS_CD_06,state_cnty_fips_cd_06,text_or_category,Source field retained; consult the CMS data dictionary for its definition.,https://www2.ccwdata.org/documents/10280/19022436/codebook-mbsf-abcd.pdf
beneficiary_2023.csv,beneficiary,STATE_CNTY_FIPS_CD_07,state_cnty_fips_cd_07,text_or_category,Source field retained; consult the CMS data dictionary for its definition.,https://www2.ccwdata.org/documents/10280/19022436/codebook-mbsf-abcd.pdf
beneficiary_2023.csv,beneficiary,STATE_CNTY_FIPS_CD_08,state_cnty_fips_cd_08,text_or_category,Source field retained; consult the CMS data dictionary for its definition.,https://www2.ccwdata.org/documents/10280/19022436/codebook-mbsf-abcd.pdf
beneficiary_2023.csv,beneficiary,STATE_CNTY_FIPS_CD_09,state_cnty_fips_cd_09,text_or_category,Source field retained; consult the CMS data dictionary for its definition.,https://www2.ccwdata.org/documents/10280/19022436/codebook-mbsf-abcd.pdf
beneficiary_2023.csv,beneficiary,STATE_CNTY_FIPS_CD_10,state_cnty_fips_cd_10,text_or_category,Source field retained; consult the CMS data dictionary for its definition.,https://www2.ccwdata.org/documents/10280/19022436/codebook-mbsf-abcd.pdf
beneficiary_2023.csv,beneficiary,STATE_CNTY_FIPS_CD_11,state_cnty_fips_cd_11,text_or_category,Source field retained; consult the CMS data dictionary for its definition.,https://www2.ccwdata.org/documents/10280/19022436/codebook-mbsf-abcd.pdf
beneficiary_2023.csv,beneficiary,STATE_CNTY_FIPS_CD_12,state_cnty_fips_cd_12,text_or_category,Source field retained; consult the CMS data dictionary for its definition.,https://www2.ccwdata.org/documents/10280/19022436/codebook-mbsf-abcd.pdf
beneficiary_2023.csv,beneficiary,VALID_DEATH_DT_SW,valid_death_dt_sw,text_or_category,Source field retained; consult the CMS data dictionary for its definition.,https://www2.ccwdata.org/documents/10280/19022436/codebook-mbsf-abcd.pdf
beneficiary_2023.csv,beneficiary,RTI_RACE_CD,rti_race_cd,identifier_or_code,Source field retained; consult the CMS data dictionary for its definition.,https://www2.ccwdata.org/documents/10280/19022436/codebook-mbsf-abcd.pdf
beneficiary_2023.csv,beneficiary,MDCR_STATUS_CODE_01,mdcr_status_code_01,identifier_or_code,Source field retained; consult the CMS data dictionary for its definition.,https://www2.ccwdata.org/documents/10280/19022436/codebook-mbsf-abcd.pdf
beneficiary_2023.csv,beneficiary,MDCR_STATUS_CODE_02,mdcr_status_code_02,identifier_or_code,Source field retained; consult the CMS data dictionary for its definition.,https://www2.ccwdata.org/documents/10280/19022436/codebook-mbsf-abcd.pdf
beneficiary_2023.csv,beneficiary,MDCR_STATUS_CODE_03,mdcr_status_code_03,identifier_or_code,Source field retained; consult the CMS data dictionary for its definition.,https://www2.ccwdata.org/documents/10280/19022436/codebook-mbsf-abcd.pdf
beneficiary_2023.csv,beneficiary,MDCR_STATUS_CODE_04,mdcr_status_code_04,identifier_or_code,Source field retained; consult the CMS data dictionary for its definition.,https://www2.ccwdata.org/documents/10280/19022436/codebook-mbsf-abcd.pdf
beneficiary_2023.csv,beneficiary,MDCR_STATUS_CODE_05,mdcr_status_code_05,identifier_or_code,Source field retained; consult the CMS data dictionary for its definition.,https://www2.ccwdata.org/documents/10280/19022436/codebook-mbsf-abcd.pdf
beneficiary_2023.csv,beneficiary,MDCR_STATUS_CODE_06,mdcr_status_code_06,identifier_or_code,Source field retained; consult the CMS data dictionary for its definition.,https://www2.ccwdata.org/documents/10280/19022436/codebook-mbsf-abcd.pdf
beneficiary_2023.csv,beneficiary,MDCR_STATUS_CODE_07,mdcr_status_code_07,identifier_or_code,Source field retained; consult the CMS data dictionary for its definition.,https://www2.ccwdata.org/documents/10280/19022436/codebook-mbsf-abcd.pdf
beneficiary_2023.csv,beneficiary,MDCR_STATUS_CODE_08,mdcr_status_code_08,identifier_or_code,Source field retained; consult the CMS data dictionary for its definition.,https://www2.ccwdata.org/documents/10280/19022436/codebook-mbsf-abcd.pdf
beneficiary_2023.csv,beneficiary,MDCR_STATUS_CODE_09,mdcr_status_code_09,identifier_or_code,Source field retained; consult the CMS data dictionary for its definition.,https://www2.ccwdata.org/documents/10280/19022436/codebook-mbsf-abcd.pdf
beneficiary_2023.csv,beneficiary,MDCR_STATUS_CODE_10,mdcr_status_code_10,identifier_or_code,Source field retained; consult the CMS data dictionary for its definition.,https://www2.ccwdata.org/documents/10280/19022436/codebook-mbsf-abcd.pdf
beneficiary_2023.csv,beneficiary,MDCR_STATUS_CODE_11,mdcr_status_code_11,identifier_or_code,Source field retained; consult the CMS data dictionary for its definition.,https://www2.ccwdata.org/documents/10280/19022436/codebook-mbsf-abcd.pdf
beneficiary_2023.csv,beneficiary,MDCR_STATUS_CODE_12,mdcr_status_code_12,identifier_or_code,Source field retained; consult the CMS data dictionary for its definition.,https://www2.ccwdata.org/documents/10280/19022436/codebook-mbsf-abcd.pdf
beneficiary_2023.csv,beneficiary,PTD_PLAN_CVRG_MONS,ptd_plan_cvrg_mons,text_or_category,Source field retained; consult the CMS data dictionary for its definition.,https://www2.ccwdata.org/documents/10280/19022436/codebook-mbsf-abcd.pdf
beneficiary_2023.csv,beneficiary,MDCR_ENTLMT_BUYIN_IND_01,mdcr_entlmt_buyin_ind_01,text_or_category,Source field retained; consult the CMS data dictionary for its definition.,https://www2.ccwdata.org/documents/10280/19022436/codebook-mbsf-abcd.pdf
beneficiary_2023.csv,beneficiary,MDCR_ENTLMT_BUYIN_IND_02,mdcr_entlmt_buyin_ind_02,text_or_category,Source field retained; consult the CMS data dictionary for its definition.,https://www2.ccwdata.org/documents/10280/19022436/codebook-mbsf-abcd.pdf
beneficiary_2023.csv,beneficiary,MDCR_ENTLMT_BUYIN_IND_03,mdcr_entlmt_buyin_ind_03,text_or_category,Source field retained; consult the CMS data dictionary for its definition.,https://www2.ccwdata.org/documents/10280/19022436/codebook-mbsf-abcd.pdf
beneficiary_2023.csv,beneficiary,MDCR_ENTLMT_BUYIN_IND_04,mdcr_entlmt_buyin_ind_04,text_or_category,Source field retained; consult the CMS data dictionary for its definition.,https://www2.ccwdata.org/documents/10280/19022436/codebook-mbsf-abcd.pdf
beneficiary_2023.csv,beneficiary,MDCR_ENTLMT_BUYIN_IND_05,mdcr_entlmt_buyin_ind_05,text_or_category,Source field retained; consult the CMS data dictionary for its definition.,https://www2.ccwdata.org/documents/10280/19022436/codebook-mbsf-abcd.pdf
beneficiary_2023.csv,beneficiary,MDCR_ENTLMT_BUYIN_IND_06,mdcr_entlmt_buyin_ind_06,text_or_category,Source field retained; consult the CMS data dictionary for its definition.,https://www2.ccwdata.org/documents/10280/19022436/codebook-mbsf-abcd.pdf
beneficiary_2023.csv,beneficiary,MDCR_ENTLMT_BUYIN_IND_07,mdcr_entlmt_buyin_ind_07,text_or_category,Source field retained; consult the CMS data dictionary for its definition.,https://www2.ccwdata.org/documents/10280/19022436/codebook-mbsf-abcd.pdf
beneficiary_2023.csv,beneficiary,MDCR_ENTLMT_BUYIN_IND_08,mdcr_entlmt_buyin_ind_08,text_or_category,Source field retained; consult the CMS data dictionary for its definition.,https://www2.ccwdata.org/documents/10280/19022436/codebook-mbsf-abcd.pdf
beneficiary_2023.csv,beneficiary,MDCR_ENTLMT_BUYIN_IND_09,mdcr_entlmt_buyin_ind_09,text_or_category,Source field retained; consult the CMS data dictionary for its definition.,https://www2.ccwdata.org/documents/10280/19022436/codebook-mbsf-abcd.pdf
beneficiary_2023.csv,beneficiary,MDCR_ENTLMT_BUYIN_IND_10,mdcr_entlmt_buyin_ind_10,text_or_category,Source field retained; consult the CMS data dictionary for its definition.,https://www2.ccwdata.org/documents/10280/19022436/codebook-mbsf-abcd.pdf
beneficiary_2023.csv,beneficiary,MDCR_ENTLMT_BUYIN_IND_11,mdcr_entlmt_buyin_ind_11,text_or_category,Source field retained; consult the CMS data dictionary for its definition.,https://www2.ccwdata.org/documents/10280/19022436/codebook-mbsf-abcd.pdf
beneficiary_2023.csv,beneficiary,MDCR_ENTLMT_BUYIN_IND_12,mdcr_entlmt_buyin_ind_12,text_or_category,Source field retained; consult the CMS data dictionary for its definition.,https://www2.ccwdata.org/documents/10280/19022436/codebook-mbsf-abcd.pdf
beneficiary_2023.csv,beneficiary,HMO_IND_01,hmo_ind_01,text_or_category,Source field retained; consult the CMS data dictionary for its definition.,https://www2.ccwdata.org/documents/10280/19022436/codebook-mbsf-abcd.pdf
beneficiary_2023.csv,beneficiary,HMO_IND_02,hmo_ind_02,text_or_category,Source field retained; consult the CMS data dictionary for its definition.,https://www2.ccwdata.org/documents/10280/19022436/codebook-mbsf-abcd.pdf
beneficiary_2023.csv,beneficiary,HMO_IND_03,hmo_ind_03,text_or_category,Source field retained; consult the CMS data dictionary for its definition.,https://www2.ccwdata.org/documents/10280/19022436/codebook-mbsf-abcd.pdf
beneficiary_2023.csv,beneficiary,HMO_IND_04,hmo_ind_04,text_or_category,Source field retained; consult the CMS data dictionary for its definition.,https://www2.ccwdata.org/documents/10280/19022436/codebook-mbsf-abcd.pdf
beneficiary_2023.csv,beneficiary,HMO_IND_05,hmo_ind_05,text_or_category,Source field retained; consult the CMS data dictionary for its definition.,https://www2.ccwdata.org/documents/10280/19022436/codebook-mbsf-abcd.pdf
beneficiary_2023.csv,beneficiary,HMO_IND_06,hmo_ind_06,text_or_category,Source field retained; consult the CMS data dictionary for its definition.,https://www2.ccwdata.org/documents/10280/19022436/codebook-mbsf-abcd.pdf
beneficiary_2023.csv,beneficiary,HMO_IND_07,hmo_ind_07,text_or_category,Source field retained; consult the CMS data dictionary for its definition.,https://www2.ccwdata.org/documents/10280/19022436/codebook-mbsf-abcd.pdf
beneficiary_2023.csv,beneficiary,HMO_IND_08,hmo_ind_08,text_or_category,Source field retained; consult the CMS data dictionary for its definition.,https://www2.ccwdata.org/documents/10280/19022436/codebook-mbsf-abcd.pdf
beneficiary_2023.csv,beneficiary,HMO_IND_09,hmo_ind_09,text_or_category,Source field retained; consult the CMS data dictionary for its definition.,https://www2.ccwdata.org/documents/10280/19022436/codebook-mbsf-abcd.pdf
beneficiary_2023.csv,beneficiary,HMO_IND_10,hmo_ind_10,text_or_category,Source field retained; consult the CMS data dictionary for its definition.,https://www2.ccwdata.org/documents/10280/19022436/codebook-mbsf-abcd.pdf
beneficiary_2023.csv,beneficiary,HMO_IND_11,hmo_ind_11,text_or_category,Source field retained; consult the CMS data dictionary for its definition.,https://www2.ccwdata.org/documents/10280/19022436/codebook-mbsf-abcd.pdf
beneficiary_2023.csv,beneficiary,HMO_IND_12,hmo_ind_12,text_or_category,Source field retained; consult the CMS data dictionary for its definition.,https://www2.ccwdata.org/documents/10280/19022436/codebook-mbsf-abcd.pdf
beneficiary_2023.csv,beneficiary,PTC_CNTRCT_ID_01,ptc_cntrct_id_01,text_or_category,Source field retained; consult the CMS data dictionary for its definition.,https://www2.ccwdata.org/documents/10280/19022436/codebook-mbsf-abcd.pdf
beneficiary_2023.csv,beneficiary,PTC_CNTRCT_ID_02,ptc_cntrct_id_02,text_or_category,Source field retained; consult the CMS data dictionary for its definition.,https://www2.ccwdata.org/documents/10280/19022436/codebook-mbsf-abcd.pdf
beneficiary_2023.csv,beneficiary,PTC_CNTRCT_ID_03,ptc_cntrct_id_03,text_or_category,Source field retained; consult the CMS data dictionary for its definition.,https://www2.ccwdata.org/documents/10280/19022436/codebook-mbsf-abcd.pdf
beneficiary_2023.csv,beneficiary,PTC_CNTRCT_ID_04,ptc_cntrct_id_04,text_or_category,Source field retained; consult the CMS data dictionary for its definition.,https://www2.ccwdata.org/documents/10280/19022436/codebook-mbsf-abcd.pdf
beneficiary_2023.csv,beneficiary,PTC_CNTRCT_ID_05,ptc_cntrct_id_05,text_or_category,Source field retained; consult the CMS data dictionary for its definition.,https://www2.ccwdata.org/documents/10280/19022436/codebook-mbsf-abcd.pdf
beneficiary_2023.csv,beneficiary,PTC_CNTRCT_ID_06,ptc_cntrct_id_06,text_or_category,Source field retained; consult the CMS data dictionary for its definition.,https://www2.ccwdata.org/documents/10280/19022436/codebook-mbsf-abcd.pdf
beneficiary_2023.csv,beneficiary,PTC_CNTRCT_ID_07,ptc_cntrct_id_07,text_or_category,Source field retained; consult the CMS data dictionary for its definition.,https://www2.ccwdata.org/documents/10280/19022436/codebook-mbsf-abcd.pdf
beneficiary_2023.csv,beneficiary,PTC_CNTRCT_ID_08,ptc_cntrct_id_08,text_or_category,Source field retained; consult the CMS data dictionary for its definition.,https://www2.ccwdata.org/documents/10280/19022436/codebook-mbsf-abcd.pdf
beneficiary_2023.csv,beneficiary,PTC_CNTRCT_ID_09,ptc_cntrct_id_09,text_or_category,Source field retained; consult the CMS data dictionary for its definition.,https://www2.ccwdata.org/documents/10280/19022436/codebook-mbsf-abcd.pdf
beneficiary_2023.csv,beneficiary,PTC_CNTRCT_ID_10,ptc_cntrct_id_10,text_or_category,Source field retained; consult the CMS data dictionary for its definition.,https://www2.ccwdata.org/documents/10280/19022436/codebook-mbsf-abcd.pdf
beneficiary_2023.csv,beneficiary,PTC_CNTRCT_ID_11,ptc_cntrct_id_11,text_or_category,Source field retained; consult the CMS data dictionary for its definition.,https://www2.ccwdata.org/documents/10280/19022436/codebook-mbsf-abcd.pdf
beneficiary_2023.csv,beneficiary,PTC_CNTRCT_ID_12,ptc_cntrct_id_12,text_or_category,Source field retained; consult the CMS data dictionary for its definition.,https://www2.ccwdata.org/documents/10280/19022436/codebook-mbsf-abcd.pdf
beneficiary_2023.csv,beneficiary,PTC_PBP_ID_01,ptc_pbp_id_01,text_or_category,Source field retained; consult the CMS data dictionary for its definition.,https://www2.ccwdata.org/documents/10280/19022436/codebook-mbsf-abcd.pdf
beneficiary_2023.csv,beneficiary,PTC_PBP_ID_02,ptc_pbp_id_02,text_or_category,Source field retained; consult the CMS data dictionary for its definition.,https://www2.ccwdata.org/documents/10280/19022436/codebook-mbsf-abcd.pdf
beneficiary_2023.csv,beneficiary,PTC_PBP_ID_03,ptc_pbp_id_03,text_or_category,Source field retained; consult the CMS data dictionary for its definition.,https://www2.ccwdata.org/documents/10280/19022436/codebook-mbsf-abcd.pdf
beneficiary_2023.csv,beneficiary,PTC_PBP_ID_04,ptc_pbp_id_04,text_or_category,Source field retained; consult the CMS data dictionary for its definition.,https://www2.ccwdata.org/documents/10280/19022436/codebook-mbsf-abcd.pdf
beneficiary_2023.csv,beneficiary,PTC_PBP_ID_05,ptc_pbp_id_05,text_or_category,Source field retained; consult the CMS data dictionary for its definition.,https://www2.ccwdata.org/documents/10280/19022436/codebook-mbsf-abcd.pdf
beneficiary_2023.csv,beneficiary,PTC_PBP_ID_06,ptc_pbp_id_06,text_or_category,Source field retained; consult the CMS data dictionary for its definition.,https://www2.ccwdata.org/documents/10280/19022436/codebook-mbsf-abcd.pdf
beneficiary_2023.csv,beneficiary,PTC_PBP_ID_07,ptc_pbp_id_07,text_or_category,Source field retained; consult the CMS data dictionary for its definition.,https://www2.ccwdata.org/documents/10280/19022436/codebook-mbsf-abcd.pdf
beneficiary_2023.csv,beneficiary,PTC_PBP_ID_08,ptc_pbp_id_08,text_or_category,Source field retained; consult the CMS data dictionary for its definition.,https://www2.ccwdata.org/documents/10280/19022436/codebook-mbsf-abcd.pdf
beneficiary_2023.csv,beneficiary,PTC_PBP_ID_09,ptc_pbp_id_09,text_or_category,Source field retained; consult the CMS data dictionary for its definition.,https://www2.ccwdata.org/documents/10280/19022436/codebook-mbsf-abcd.pdf
beneficiary_2023.csv,beneficiary,PTC_PBP_ID_10,ptc_pbp_id_10,text_or_category,Source field retained; consult the CMS data dictionary for its definition.,https://www2.ccwdata.org/documents/10280/19022436/codebook-mbsf-abcd.pdf
beneficiary_2023.csv,beneficiary,PTC_PBP_ID_11,ptc_pbp_id_11,text_or_category,Source field retained; consult the CMS data dictionary for its definition.,https://www2.ccwdata.org/documents/10280/19022436/codebook-mbsf-abcd.pdf
beneficiary_2023.csv,beneficiary,PTC_PBP_ID_12,ptc_pbp_id_12,text_or_category,Source field retained; consult the CMS data dictionary for its definition.,https://www2.ccwdata.org/documents/10280/19022436/codebook-mbsf-abcd.pdf
beneficiary_2023.csv,beneficiary,PTC_PLAN_TYPE_CD_01,ptc_plan_type_cd_01,text_or_category,Source field retained; consult the CMS data dictionary for its definition.,https://www2.ccwdata.org/documents/10280/19022436/codebook-mbsf-abcd.pdf
beneficiary_2023.csv,beneficiary,PTC_PLAN_TYPE_CD_02,ptc_plan_type_cd_02,text_or_category,Source field retained; consult the CMS data dictionary for its definition.,https://www2.ccwdata.org/documents/10280/19022436/codebook-mbsf-abcd.pdf
beneficiary_2023.csv,beneficiary,PTC_PLAN_TYPE_CD_03,ptc_plan_type_cd_03,text_or_category,Source field retained; consult the CMS data dictionary for its definition.,https://www2.ccwdata.org/documents/10280/19022436/codebook-mbsf-abcd.pdf
beneficiary_2023.csv,beneficiary,PTC_PLAN_TYPE_CD_04,ptc_plan_type_cd_04,text_or_category,Source field retained; consult the CMS data dictionary for its definition.,https://www2.ccwdata.org/documents/10280/19022436/codebook-mbsf-abcd.pdf
beneficiary_2023.csv,beneficiary,PTC_PLAN_TYPE_CD_05,ptc_plan_type_cd_05,text_or_category,Source field retained; consult the CMS data dictionary for its definition.,https://www2.ccwdata.org/documents/10280/19022436/codebook-mbsf-abcd.pdf
beneficiary_2023.csv,beneficiary,PTC_PLAN_TYPE_CD_06,ptc_plan_type_cd_06,text_or_category,Source field retained; consult the CMS data dictionary for its definition.,https://www2.ccwdata.org/documents/10280/19022436/codebook-mbsf-abcd.pdf
beneficiary_2023.csv,beneficiary,PTC_PLAN_TYPE_CD_07,ptc_plan_type_cd_07,text_or_category,Source field retained; consult the CMS data dictionary for its definition.,https://www2.ccwdata.org/documents/10280/19022436/codebook-mbsf-abcd.pdf
beneficiary_2023.csv,beneficiary,PTC_PLAN_TYPE_CD_08,ptc_plan_type_cd_08,text_or_category,Source field retained; consult the CMS data dictionary for its definition.,https://www2.ccwdata.org/documents/10280/19022436/codebook-mbsf-abcd.pdf
beneficiary_2023.csv,beneficiary,PTC_PLAN_TYPE_CD_09,ptc_plan_type_cd_09,text_or_category,Source field retained; consult the CMS data dictionary for its definition.,https://www2.ccwdata.org/documents/10280/19022436/codebook-mbsf-abcd.pdf
beneficiary_2023.csv,beneficiary,PTC_PLAN_TYPE_CD_10,ptc_plan_type_cd_10,text_or_category,Source field retained; consult the CMS data dictionary for its definition.,https://www2.ccwdata.org/documents/10280/19022436/codebook-mbsf-abcd.pdf
beneficiary_2023.csv,beneficiary,PTC_PLAN_TYPE_CD_11,ptc_plan_type_cd_11,text_or_category,Source field retained; consult the CMS data dictionary for its definition.,https://www2.ccwdata.org/documents/10280/19022436/codebook-mbsf-abcd.pdf
beneficiary_2023.csv,beneficiary,PTC_PLAN_TYPE_CD_12,ptc_plan_type_cd_12,text_or_category,Source field retained; consult the CMS data dictionary for its definition.,https://www2.ccwdata.org/documents/10280/19022436/codebook-mbsf-abcd.pdf
beneficiary_2023.csv,beneficiary,PTD_CNTRCT_ID_01,ptd_cntrct_id_01,text_or_category,Source field retained; consult the CMS data dictionary for its definition.,https://www2.ccwdata.org/documents/10280/19022436/codebook-mbsf-abcd.pdf
beneficiary_2023.csv,beneficiary,PTD_CNTRCT_ID_02,ptd_cntrct_id_02,text_or_category,Source field retained; consult the CMS data dictionary for its definition.,https://www2.ccwdata.org/documents/10280/19022436/codebook-mbsf-abcd.pdf
beneficiary_2023.csv,beneficiary,PTD_CNTRCT_ID_03,ptd_cntrct_id_03,text_or_category,Source field retained; consult the CMS data dictionary for its definition.,https://www2.ccwdata.org/documents/10280/19022436/codebook-mbsf-abcd.pdf
beneficiary_2023.csv,beneficiary,PTD_CNTRCT_ID_04,ptd_cntrct_id_04,text_or_category,Source field retained; consult the CMS data dictionary for its definition.,https://www2.ccwdata.org/documents/10280/19022436/codebook-mbsf-abcd.pdf
beneficiary_2023.csv,beneficiary,PTD_CNTRCT_ID_05,ptd_cntrct_id_05,text_or_category,Source field retained; consult the CMS data dictionary for its definition.,https://www2.ccwdata.org/documents/10280/19022436/codebook-mbsf-abcd.pdf
beneficiary_2023.csv,beneficiary,PTD_CNTRCT_ID_06,ptd_cntrct_id_06,text_or_category,Source field retained; consult the CMS data dictionary for its definition.,https://www2.ccwdata.org/documents/10280/19022436/codebook-mbsf-abcd.pdf
beneficiary_2023.csv,beneficiary,PTD_CNTRCT_ID_07,ptd_cntrct_id_07,text_or_category,Source field retained; consult the CMS data dictionary for its definition.,https://www2.ccwdata.org/documents/10280/19022436/codebook-mbsf-abcd.pdf
beneficiary_2023.csv,beneficiary,PTD_CNTRCT_ID_08,ptd_cntrct_id_08,text_or_category,Source field retained; consult the CMS data dictionary for its definition.,https://www2.ccwdata.org/documents/10280/19022436/codebook-mbsf-abcd.pdf
beneficiary_2023.csv,beneficiary,PTD_CNTRCT_ID_09,ptd_cntrct_id_09,text_or_category,Source field retained; consult the CMS data dictionary for its definition.,https://www2.ccwdata.org/documents/10280/19022436/codebook-mbsf-abcd.pdf
beneficiary_2023.csv,beneficiary,PTD_CNTRCT_ID_10,ptd_cntrct_id_10,text_or_category,Source field retained; consult the CMS data dictionary for its definition.,https://www2.ccwdata.org/documents/10280/19022436/codebook-mbsf-abcd.pdf
beneficiary_2023.csv,beneficiary,PTD_CNTRCT_ID_11,ptd_cntrct_id_11,text_or_category,Source field retained; consult the CMS data dictionary for its definition.,https://www2.ccwdata.org/documents/10280/19022436/codebook-mbsf-abcd.pdf
beneficiary_2023.csv,beneficiary,PTD_CNTRCT_ID_12,ptd_cntrct_id_12,text_or_category,Source field retained; consult the CMS data dictionary for its definition.,https://www2.ccwdata.org/documents/10280/19022436/codebook-mbsf-abcd.pdf
beneficiary_2023.csv,beneficiary,PTD_PBP_ID_01,ptd_pbp_id_01,text_or_category,Source field retained; consult the CMS data dictionary for its definition.,https://www2.ccwdata.org/documents/10280/19022436/codebook-mbsf-abcd.pdf
beneficiary_2023.csv,beneficiary,PTD_PBP_ID_02,ptd_pbp_id_02,text_or_category,Source field retained; consult the CMS data dictionary for its definition.,https://www2.ccwdata.org/documents/10280/19022436/codebook-mbsf-abcd.pdf
beneficiary_2023.csv,beneficiary,PTD_PBP_ID_03,ptd_pbp_id_03,text_or_category,Source field retained; consult the CMS data dictionary for its definition.,https://www2.ccwdata.org/documents/10280/19022436/codebook-mbsf-abcd.pdf
beneficiary_2023.csv,beneficiary,PTD_PBP_ID_04,ptd_pbp_id_04,text_or_category,Source field retained; consult the CMS data dictionary for its definition.,https://www2.ccwdata.org/documents/10280/19022436/codebook-mbsf-abcd.pdf
beneficiary_2023.csv,beneficiary,PTD_PBP_ID_05,ptd_pbp_id_05,text_or_category,Source field retained; consult the CMS data dictionary for its definition.,https://www2.ccwdata.org/documents/10280/19022436/codebook-mbsf-abcd.pdf
beneficiary_2023.csv,beneficiary,PTD_PBP_ID_06,ptd_pbp_id_06,text_or_category,Source field retained; consult the CMS data dictionary for its definition.,https://www2.ccwdata.org/documents/10280/19022436/codebook-mbsf-abcd.pdf
beneficiary_2023.csv,beneficiary,PTD_PBP_ID_07,ptd_pbp_id_07,text_or_category,Source field retained; consult the CMS data dictionary for its definition.,https://www2.ccwdata.org/documents/10280/19022436/codebook-mbsf-abcd.pdf
beneficiary_2023.csv,beneficiary,PTD_PBP_ID_08,ptd_pbp_id_08,text_or_category,Source field retained; consult the CMS data dictionary for its definition.,https://www2.ccwdata.org/documents/10280/19022436/codebook-mbsf-abcd.pdf
beneficiary_2023.csv,beneficiary,PTD_PBP_ID_09,ptd_pbp_id_09,text_or_category,Source field retained; consult the CMS data dictionary for its definition.,https://www2.ccwdata.org/documents/10280/19022436/codebook-mbsf-abcd.pdf
beneficiary_2023.csv,beneficiary,PTD_PBP_ID_10,ptd_pbp_id_10,text_or_category,Source field retained; consult the CMS data dictionary for its definition.,https://www2.ccwdata.org/documents/10280/19022436/codebook-mbsf-abcd.pdf
beneficiary_2023.csv,beneficiary,PTD_PBP_ID_11,ptd_pbp_id_11,text_or_category,Source field retained; consult the CMS data dictionary for its definition.,https://www2.ccwdata.org/documents/10280/19022436/codebook-mbsf-abcd.pdf
beneficiary_2023.csv,beneficiary,PTD_PBP_ID_12,ptd_pbp_id_12,text_or_category,Source field retained; consult the CMS data dictionary for its definition.,https://www2.ccwdata.org/documents/10280/19022436/codebook-mbsf-abcd.pdf
beneficiary_2023.csv,beneficiary,PTD_SGMT_ID_01,ptd_sgmt_id_01,text_or_category,Source field retained; consult the CMS data dictionary for its definition.,https://www2.ccwdata.org/documents/10280/19022436/codebook-mbsf-abcd.pdf
beneficiary_2023.csv,beneficiary,PTD_SGMT_ID_02,ptd_sgmt_id_02,text_or_category,Source field retained; consult the CMS data dictionary for its definition.,https://www2.ccwdata.org/documents/10280/19022436/codebook-mbsf-abcd.pdf
beneficiary_2023.csv,beneficiary,PTD_SGMT_ID_03,ptd_sgmt_id_03,text_or_category,Source field retained; consult the CMS data dictionary for its definition.,https://www2.ccwdata.org/documents/10280/19022436/codebook-mbsf-abcd.pdf
beneficiary_2023.csv,beneficiary,PTD_SGMT_ID_04,ptd_sgmt_id_04,text_or_category,Source field retained; consult the CMS data dictionary for its definition.,https://www2.ccwdata.org/documents/10280/19022436/codebook-mbsf-abcd.pdf
beneficiary_2023.csv,beneficiary,PTD_SGMT_ID_05,ptd_sgmt_id_05,text_or_category,Source field retained; consult the CMS data dictionary for its definition.,https://www2.ccwdata.org/documents/10280/19022436/codebook-mbsf-abcd.pdf
beneficiary_2023.csv,beneficiary,PTD_SGMT_ID_06,ptd_sgmt_id_06,text_or_category,Source field retained; consult the CMS data dictionary for its definition.,https://www2.ccwdata.org/documents/10280/19022436/codebook-mbsf-abcd.pdf
beneficiary_2023.csv,beneficiary,PTD_SGMT_ID_07,ptd_sgmt_id_07,text_or_category,Source field retained; consult the CMS data dictionary for its definition.,https://www2.ccwdata.org/documents/10280/19022436/codebook-mbsf-abcd.pdf
beneficiary_2023.csv,beneficiary,PTD_SGMT_ID_08,ptd_sgmt_id_08,text_or_category,Source field retained; consult the CMS data dictionary for its definition.,https://www2.ccwdata.org/documents/10280/19022436/codebook-mbsf-abcd.pdf
beneficiary_2023.csv,beneficiary,PTD_SGMT_ID_09,ptd_sgmt_id_09,text_or_category,Source field retained; consult the CMS data dictionary for its definition.,https://www2.ccwdata.org/documents/10280/19022436/codebook-mbsf-abcd.pdf
beneficiary_2023.csv,beneficiary,PTD_SGMT_ID_10,ptd_sgmt_id_10,text_or_category,Source field retained; consult the CMS data dictionary for its definition.,https://www2.ccwdata.org/documents/10280/19022436/codebook-mbsf-abcd.pdf
beneficiary_2023.csv,beneficiary,PTD_SGMT_ID_11,ptd_sgmt_id_11,text_or_category,Source field retained; consult the CMS data dictionary for its definition.,https://www2.ccwdata.org/documents/10280/19022436/codebook-mbsf-abcd.pdf
beneficiary_2023.csv,beneficiary,PTD_SGMT_ID_12,ptd_sgmt_id_12,text_or_category,Source field retained; consult the CMS data dictionary for its definition.,https://www2.ccwdata.org/documents/10280/19022436/codebook-mbsf-abcd.pdf
beneficiary_2023.csv,beneficiary,RDS_IND_01,rds_ind_01,text_or_category,Source field retained; consult the CMS data dictionary for its definition.,https://www2.ccwdata.org/documents/10280/19022436/codebook-mbsf-abcd.pdf
beneficiary_2023.csv,beneficiary,RDS_IND_02,rds_ind_02,text_or_category,Source field retained; consult the CMS data dictionary for its definition.,https://www2.ccwdata.org/documents/10280/19022436/codebook-mbsf-abcd.pdf
beneficiary_2023.csv,beneficiary,RDS_IND_03,rds_ind_03,text_or_category,Source field retained; consult the CMS data dictionary for its definition.,https://www2.ccwdata.org/documents/10280/19022436/codebook-mbsf-abcd.pdf
beneficiary_2023.csv,beneficiary,RDS_IND_04,rds_ind_04,text_or_category,Source field retained; consult the CMS data dictionary for its definition.,https://www2.ccwdata.org/documents/10280/19022436/codebook-mbsf-abcd.pdf
beneficiary_2023.csv,beneficiary,RDS_IND_05,rds_ind_05,text_or_category,Source field retained; consult the CMS data dictionary for its definition.,https://www2.ccwdata.org/documents/10280/19022436/codebook-mbsf-abcd.pdf
beneficiary_2023.csv,beneficiary,RDS_IND_06,rds_ind_06,text_or_category,Source field retained; consult the CMS data dictionary for its definition.,https://www2.ccwdata.org/documents/10280/19022436/codebook-mbsf-abcd.pdf
beneficiary_2023.csv,beneficiary,RDS_IND_07,rds_ind_07,text_or_category,Source field retained; consult the CMS data dictionary for its definition.,https://www2.ccwdata.org/documents/10280/19022436/codebook-mbsf-abcd.pdf
beneficiary_2023.csv,beneficiary,RDS_IND_08,rds_ind_08,text_or_category,Source field retained; consult the CMS data dictionary for its definition.,https://www2.ccwdata.org/documents/10280/19022436/codebook-mbsf-abcd.pdf
beneficiary_2023.csv,beneficiary,RDS_IND_09,rds_ind_09,text_or_category,Source field retained; consult the CMS data dictionary for its definition.,https://www2.ccwdata.org/documents/10280/19022436/codebook-mbsf-abcd.pdf
beneficiary_2023.csv,beneficiary,RDS_IND_10,rds_ind_10,text_or_category,Source field retained; consult the CMS data dictionary for its definition.,https://www2.ccwdata.org/documents/10280/19022436/codebook-mbsf-abcd.pdf
beneficiary_2023.csv,beneficiary,RDS_IND_11,rds_ind_11,text_or_category,Source field retained; consult the CMS data dictionary for its definition.,https://www2.ccwdata.org/documents/10280/19022436/codebook-mbsf-abcd.pdf
beneficiary_2023.csv,beneficiary,RDS_IND_12,rds_ind_12,text_or_category,Source field retained; consult the CMS data dictionary for its definition.,https://www2.ccwdata.org/documents/10280/19022436/codebook-mbsf-abcd.pdf
beneficiary_2023.csv,beneficiary,DUAL_STUS_CD_01,dual_stus_cd_01,text_or_category,Source field retained; consult the CMS data dictionary for its definition.,https://www2.ccwdata.org/documents/10280/19022436/codebook-mbsf-abcd.pdf
beneficiary_2023.csv,beneficiary,DUAL_STUS_CD_02,dual_stus_cd_02,text_or_category,Source field retained; consult the CMS data dictionary for its definition.,https://www2.ccwdata.org/documents/10280/19022436/codebook-mbsf-abcd.pdf
beneficiary_2023.csv,beneficiary,DUAL_STUS_CD_03,dual_stus_cd_03,text_or_category,Source field retained; consult the CMS data dictionary for its definition.,https://www2.ccwdata.org/documents/10280/19022436/codebook-mbsf-abcd.pdf
beneficiary_2023.csv,beneficiary,DUAL_STUS_CD_04,dual_stus_cd_04,text_or_category,Source field retained; consult the CMS data dictionary for its definition.,https://www2.ccwdata.org/documents/10280/19022436/codebook-mbsf-abcd.pdf
beneficiary_2023.csv,beneficiary,DUAL_STUS_CD_05,dual_stus_cd_05,text_or_category,Source field retained; consult the CMS data dictionary for its definition.,https://www2.ccwdata.org/documents/10280/19022436/codebook-mbsf-abcd.pdf
beneficiary_2023.csv,beneficiary,DUAL_STUS_CD_06,dual_stus_cd_06,text_or_category,Source field retained; consult the CMS data dictionary for its definition.,https://www2.ccwdata.org/documents/10280/19022436/codebook-mbsf-abcd.pdf
beneficiary_2023.csv,beneficiary,DUAL_STUS_CD_07,dual_stus_cd_07,text_or_category,Source field retained; consult the CMS data dictionary for its definition.,https://www2.ccwdata.org/documents/10280/19022436/codebook-mbsf-abcd.pdf
beneficiary_2023.csv,beneficiary,DUAL_STUS_CD_08,dual_stus_cd_08,text_or_category,Source field retained; consult the CMS data dictionary for its definition.,https://www2.ccwdata.org/documents/10280/19022436/codebook-mbsf-abcd.pdf
beneficiary_2023.csv,beneficiary,DUAL_STUS_CD_09,dual_stus_cd_09,text_or_category,Source field retained; consult the CMS data dictionary for its definition.,https://www2.ccwdata.org/documents/10280/19022436/codebook-mbsf-abcd.pdf
beneficiary_2023.csv,beneficiary,DUAL_STUS_CD_10,dual_stus_cd_10,text_or_category,Source field retained; consult the CMS data dictionary for its definition.,https://www2.ccwdata.org/documents/10280/19022436/codebook-mbsf-abcd.pdf
beneficiary_2023.csv,beneficiary,DUAL_STUS_CD_11,dual_stus_cd_11,text_or_category,Source field retained; consult the CMS data dictionary for its definition.,https://www2.ccwdata.org/documents/10280/19022436/codebook-mbsf-abcd.pdf
beneficiary_2023.csv,beneficiary,DUAL_STUS_CD_12,dual_stus_cd_12,text_or_category,Source field retained; consult the CMS data dictionary for its definition.,https://www2.ccwdata.org/documents/10280/19022436/codebook-mbsf-abcd.pdf
beneficiary_2023.csv,beneficiary,CST_SHR_GRP_CD_01,cst_shr_grp_cd_01,text_or_category,Source field retained; consult the CMS data dictionary for its definition.,https://www2.ccwdata.org/documents/10280/19022436/codebook-mbsf-abcd.pdf
beneficiary_2023.csv,beneficiary,CST_SHR_GRP_CD_02,cst_shr_grp_cd_02,text_or_category,Source field retained; consult the CMS data dictionary for its definition.,https://www2.ccwdata.org/documents/10280/19022436/codebook-mbsf-abcd.pdf
beneficiary_2023.csv,beneficiary,CST_SHR_GRP_CD_03,cst_shr_grp_cd_03,text_or_category,Source field retained; consult the CMS data dictionary for its definition.,https://www2.ccwdata.org/documents/10280/19022436/codebook-mbsf-abcd.pdf
beneficiary_2023.csv,beneficiary,CST_SHR_GRP_CD_04,cst_shr_grp_cd_04,text_or_category,Source field retained; consult the CMS data dictionary for its definition.,https://www2.ccwdata.org/documents/10280/19022436/codebook-mbsf-abcd.pdf
beneficiary_2023.csv,beneficiary,CST_SHR_GRP_CD_05,cst_shr_grp_cd_05,text_or_category,Source field retained; consult the CMS data dictionary for its definition.,https://www2.ccwdata.org/documents/10280/19022436/codebook-mbsf-abcd.pdf
beneficiary_2023.csv,beneficiary,CST_SHR_GRP_CD_06,cst_shr_grp_cd_06,text_or_category,Source field retained; consult the CMS data dictionary for its definition.,https://www2.ccwdata.org/documents/10280/19022436/codebook-mbsf-abcd.pdf
beneficiary_2023.csv,beneficiary,CST_SHR_GRP_CD_07,cst_shr_grp_cd_07,text_or_category,Source field retained; consult the CMS data dictionary for its definition.,https://www2.ccwdata.org/documents/10280/19022436/codebook-mbsf-abcd.pdf
beneficiary_2023.csv,beneficiary,CST_SHR_GRP_CD_08,cst_shr_grp_cd_08,text_or_category,Source field retained; consult the CMS data dictionary for its definition.,https://www2.ccwdata.org/documents/10280/19022436/codebook-mbsf-abcd.pdf
beneficiary_2023.csv,beneficiary,CST_SHR_GRP_CD_09,cst_shr_grp_cd_09,text_or_category,Source field retained; consult the CMS data dictionary for its definition.,https://www2.ccwdata.org/documents/10280/19022436/codebook-mbsf-abcd.pdf
beneficiary_2023.csv,beneficiary,CST_SHR_GRP_CD_10,cst_shr_grp_cd_10,text_or_category,Source field retained; consult the CMS data dictionary for its definition.,https://www2.ccwdata.org/documents/10280/19022436/codebook-mbsf-abcd.pdf
beneficiary_2023.csv,beneficiary,CST_SHR_GRP_CD_11,cst_shr_grp_cd_11,text_or_category,Source field retained; consult the CMS data dictionary for its definition.,https://www2.ccwdata.org/documents/10280/19022436/codebook-mbsf-abcd.pdf
beneficiary_2023.csv,beneficiary,CST_SHR_GRP_CD_12,cst_shr_grp_cd_12,text_or_category,Source field retained; consult the CMS data dictionary for its definition.,https://www2.ccwdata.org/documents/10280/19022436/codebook-mbsf-abcd.pdf
inpatient.csv,inpatient,BENE_ID,bene_id,identifier_or_code,CMS synthetic beneficiary identifier; preserved as text.,https://www2.ccwdata.org/documents/10280/19022436/codebook-ffs-claims.pdf
inpatient.csv,inpatient,CLM_ID,clm_id,identifier_or_code,Source field retained; consult the CMS data dictionary for its definition.,https://www2.ccwdata.org/documents/10280/19022436/codebook-ffs-claims.pdf
inpatient.csv,inpatient,NCH_NEAR_LINE_REC_IDENT_CD,nch_near_line_rec_ident_cd,identifier_or_code,Source field retained; consult the CMS data dictionary for its definition.,https://www2.ccwdata.org/documents/10280/19022436/codebook-ffs-claims.pdf
inpatient.csv,inpatient,NCH_CLM_TYPE_CD,nch_clm_type_cd,identifier_or_code,Source field retained; consult the CMS data dictionary for its definition.,https://www2.ccwdata.org/documents/10280/19022436/codebook-ffs-claims.pdf
inpatient.csv,inpatient,CLM_FROM_DT,clm_from_dt,date,Source field retained; consult the CMS data dictionary for its definition.,https://www2.ccwdata.org/documents/10280/19022436/codebook-ffs-claims.pdf
inpatient.csv,inpatient,CLM_THRU_DT,clm_thru_dt,date,Source field retained; consult the CMS data dictionary for its definition.,https://www2.ccwdata.org/documents/10280/19022436/codebook-ffs-claims.pdf
inpatient.csv,inpatient,NCH_WKLY_PROC_DT,nch_wkly_proc_dt,date,Source field retained; consult the CMS data dictionary for its definition.,https://www2.ccwdata.org/documents/10280/19022436/codebook-ffs-claims.pdf
inpatient.csv,inpatient,FI_CLM_PROC_DT,fi_clm_proc_dt,date,Source field retained; consult the CMS data dictionary for its definition.,https://www2.ccwdata.org/documents/10280/19022436/codebook-ffs-claims.pdf
inpatient.csv,inpatient,CLAIM_QUERY_CODE,claim_query_code,text_or_category,Source field retained; consult the CMS data dictionary for its definition.,https://www2.ccwdata.org/documents/10280/19022436/codebook-ffs-claims.pdf
inpatient.csv,inpatient,PRVDR_NUM,prvdr_num,text_or_category,Source field retained; consult the CMS data dictionary for its definition.,https://www2.ccwdata.org/documents/10280/19022436/codebook-ffs-claims.pdf
inpatient.csv,inpatient,CLM_FAC_TYPE_CD,clm_fac_type_cd,identifier_or_code,Source field retained; consult the CMS data dictionary for its definition.,https://www2.ccwdata.org/documents/10280/19022436/codebook-ffs-claims.pdf
inpatient.csv,inpatient,CLM_SRVC_CLSFCTN_TYPE_CD,clm_srvc_clsfctn_type_cd,identifier_or_code,Source field retained; consult the CMS data dictionary for its definition.,https://www2.ccwdata.org/documents/10280/19022436/codebook-ffs-claims.pdf
inpatient.csv,inpatient,CLM_FREQ_CD,clm_freq_cd,identifier_or_code,Source field retained; consult the CMS data dictionary for its definition.,https://www2.ccwdata.org/documents/10280/19022436/codebook-ffs-claims.pdf
inpatient.csv,inpatient,FI_NUM,fi_num,text_or_category,Source field retained; consult the CMS data dictionary for its definition.,https://www2.ccwdata.org/documents/10280/19022436/codebook-ffs-claims.pdf
inpatient.csv,inpatient,CLM_MDCR_NON_PMT_RSN_CD,clm_mdcr_non_pmt_rsn_cd,identifier_or_code,Source field retained; consult the CMS data dictionary for its definition.,https://www2.ccwdata.org/documents/10280/19022436/codebook-ffs-claims.pdf
inpatient.csv,inpatient,CLM_PMT_AMT,clm_pmt_amt,numeric,Source field retained; consult the CMS data dictionary for its definition.,https://www2.ccwdata.org/documents/10280/19022436/codebook-ffs-claims.pdf
inpatient.csv,inpatient,NCH_PRMRY_PYR_CLM_PD_AMT,nch_prmry_pyr_clm_pd_amt,numeric,Source field retained; consult the CMS data dictionary for its definition.,https://www2.ccwdata.org/documents/10280/19022436/codebook-ffs-claims.pdf
inpatient.csv,inpatient,NCH_PRMRY_PYR_CD,nch_prmry_pyr_cd,identifier_or_code,Source field retained; consult the CMS data dictionary for its definition.,https://www2.ccwdata.org/documents/10280/19022436/codebook-ffs-claims.pdf
inpatient.csv,inpatient,FI_CLM_ACTN_CD,fi_clm_actn_cd,identifier_or_code,Source field retained; consult the CMS data dictionary for its definition.,https://www2.ccwdata.org/documents/10280/19022436/codebook-ffs-claims.pdf
inpatient.csv,inpatient,PRVDR_STATE_CD,prvdr_state_cd,identifier_or_code,Source field retained; consult the CMS data dictionary for its definition.,https://www2.ccwdata.org/documents/10280/19022436/codebook-ffs-claims.pdf
inpatient.csv,inpatient,ORG_NPI_NUM,org_npi_num,text_or_category,Source field retained; consult the CMS data dictionary for its definition.,https://www2.ccwdata.org/documents/10280/19022436/codebook-ffs-claims.pdf
inpatient.csv,inpatient,AT_PHYSN_UPIN,at_physn_upin,text_or_category,Source field retained; consult the CMS data dictionary for its definition.,https://www2.ccwdata.org/documents/10280/19022436/codebook-ffs-claims.pdf
inpatient.csv,inpatient,AT_PHYSN_NPI,at_physn_npi,identifier_or_code,Source field retained; consult the CMS data dictionary for its definition.,https://www2.ccwdata.org/documents/10280/19022436/codebook-ffs-claims.pdf
inpatient.csv,inpatient,OP_PHYSN_UPIN,op_physn_upin,text_or_category,Source field retained; consult the CMS data dictionary for its definition.,https://www2.ccwdata.org/documents/10280/19022436/codebook-ffs-claims.pdf
inpatient.csv,inpatient,OP_PHYSN_NPI,op_physn_npi,identifier_or_code,Source field retained; consult the CMS data dictionary for its definition.,https://www2.ccwdata.org/documents/10280/19022436/codebook-ffs-claims.pdf
inpatient.csv,inpatient,OT_PHYSN_UPIN,ot_physn_upin,text_or_category,Source field retained; consult the CMS data dictionary for its definition.,https://www2.ccwdata.org/documents/10280/19022436/codebook-ffs-claims.pdf
inpatient.csv,inpatient,OT_PHYSN_NPI,ot_physn_npi,identifier_or_code,Source field retained; consult the CMS data dictionary for its definition.,https://www2.ccwdata.org/documents/10280/19022436/codebook-ffs-claims.pdf
inpatient.csv,inpatient,CLM_MCO_PD_SW,clm_mco_pd_sw,text_or_category,Source field retained; consult the CMS data dictionary for its definition.,https://www2.ccwdata.org/documents/10280/19022436/codebook-ffs-claims.pdf
inpatient.csv,inpatient,PTNT_DSCHRG_STUS_CD,ptnt_dschrg_stus_cd,identifier_or_code,Source field retained; consult the CMS data dictionary for its definition.,https://www2.ccwdata.org/documents/10280/19022436/codebook-ffs-claims.pdf
inpatient.csv,inpatient,CLM_PPS_IND_CD,clm_pps_ind_cd,identifier_or_code,Source field retained; consult the CMS data dictionary for its definition.,https://www2.ccwdata.org/documents/10280/19022436/codebook-ffs-claims.pdf
inpatient.csv,inpatient,CLM_TOT_CHRG_AMT,clm_tot_chrg_amt,numeric,Source field retained; consult the CMS data dictionary for its definition.,https://www2.ccwdata.org/documents/10280/19022436/codebook-ffs-claims.pdf
inpatient.csv,inpatient,CLM_ADMSN_DT,clm_admsn_dt,date,Source field retained; consult the CMS data dictionary for its definition.,https://www2.ccwdata.org/documents/10280/19022436/codebook-ffs-claims.pdf
inpatient.csv,inpatient,CLM_IP_ADMSN_TYPE_CD,clm_ip_admsn_type_cd,identifier_or_code,Source field retained; consult the CMS data dictionary for its definition.,https://www2.ccwdata.org/documents/10280/19022436/codebook-ffs-claims.pdf
inpatient.csv,inpatient,CLM_SRC_IP_ADMSN_CD,clm_src_ip_admsn_cd,identifier_or_code,Source field retained; consult the CMS data dictionary for its definition.,https://www2.ccwdata.org/documents/10280/19022436/codebook-ffs-claims.pdf
inpatient.csv,inpatient,NCH_PTNT_STATUS_IND_CD,nch_ptnt_status_ind_cd,identifier_or_code,Source field retained; consult the CMS data dictionary for its definition.,https://www2.ccwdata.org/documents/10280/19022436/codebook-ffs-claims.pdf
inpatient.csv,inpatient,CLM_PASS_THRU_PER_DIEM_AMT,clm_pass_thru_per_diem_amt,numeric,Source field retained; consult the CMS data dictionary for its definition.,https://www2.ccwdata.org/documents/10280/19022436/codebook-ffs-claims.pdf
inpatient.csv,inpatient,NCH_BENE_IP_DDCTBL_AMT,nch_bene_ip_ddctbl_amt,numeric,Source field retained; consult the CMS data dictionary for its definition.,https://www2.ccwdata.org/documents/10280/19022436/codebook-ffs-claims.pdf
inpatient.csv,inpatient,NCH_BENE_PTA_COINSRNC_LBLTY_AM,nch_bene_pta_coinsrnc_lblty_am,text_or_category,Source field retained; consult the CMS data dictionary for its definition.,https://www2.ccwdata.org/documents/10280/19022436/codebook-ffs-claims.pdf
inpatient.csv,inpatient,NCH_BENE_BLOOD_DDCTBL_LBLTY_AM,nch_bene_blood_ddctbl_lblty_am,text_or_category,Source field retained; consult the CMS data dictionary for its definition.,https://www2.ccwdata.org/documents/10280/19022436/codebook-ffs-claims.pdf
inpatient.csv,inpatient,NCH_PROFNL_CMPNT_CHRG_AMT,nch_profnl_cmpnt_chrg_amt,numeric,Source field retained; consult the CMS data dictionary for its definition.,https://www2.ccwdata.org/documents/10280/19022436/codebook-ffs-claims.pdf
inpatient.csv,inpatient,NCH_IP_NCVRD_CHRG_AMT,nch_ip_ncvrd_chrg_amt,numeric,Source field retained; consult the CMS data dictionary for its definition.,https://www2.ccwdata.org/documents/10280/19022436/codebook-ffs-claims.pdf
inpatient.csv,inpatient,NCH_IP_TOT_DDCTN_AMT,nch_ip_tot_ddctn_amt,numeric,Source field retained; consult the CMS data dictionary for its definition.,https://www2.ccwdata.org/documents/10280/19022436/codebook-ffs-claims.pdf
inpatient.csv,inpatient,CLM_TOT_PPS_CPTL_AMT,clm_tot_pps_cptl_amt,numeric,Source field retained; consult the CMS data dictionary for its definition.,https://www2.ccwdata.org/documents/10280/19022436/codebook-ffs-claims.pdf
inpatient.csv,inpatient,CLM_PPS_CPTL_FSP_AMT,clm_pps_cptl_fsp_amt,numeric,Source field retained; consult the CMS data dictionary for its definition.,https://www2.ccwdata.org/documents/10280/19022436/codebook-ffs-claims.pdf
inpatient.csv,inpatient,CLM_PPS_CPTL_OUTLIER_AMT,clm_pps_cptl_outlier_amt,numeric,Source field retained; consult the CMS data dictionary for its definition.,https://www2.ccwdata.org/documents/10280/19022436/codebook-ffs-claims.pdf
inpatient.csv,inpatient,CLM_PPS_CPTL_DSPRPRTNT_SHR_AMT,clm_pps_cptl_dsprprtnt_shr_amt,numeric,Source field retained; consult the CMS data dictionary for its definition.,https://www2.ccwdata.org/documents/10280/19022436/codebook-ffs-claims.pdf
inpatient.csv,inpatient,CLM_PPS_CPTL_IME_AMT,clm_pps_cptl_ime_amt,numeric,Source field retained; consult the CMS data dictionary for its definition.,https://www2.ccwdata.org/documents/10280/19022436/codebook-ffs-claims.pdf
inpatient.csv,inpatient,CLM_PPS_CPTL_EXCPTN_AMT,clm_pps_cptl_excptn_amt,numeric,Source field retained; consult the CMS data dictionary for its definition.,https://www2.ccwdata.org/documents/10280/19022436/codebook-ffs-claims.pdf
inpatient.csv,inpatient,CLM_PPS_OLD_CPTL_HLD_HRMLS_AMT,clm_pps_old_cptl_hld_hrmls_amt,numeric,Source field retained; consult the CMS data dictionary for its definition.,https://www2.ccwdata.org/documents/10280/19022436/codebook-ffs-claims.pdf
inpatient.csv,inpatient,CLM_PPS_CPTL_DRG_WT_NUM,clm_pps_cptl_drg_wt_num,text_or_category,Source field retained; consult the CMS data dictionary for its definition.,https://www2.ccwdata.org/documents/10280/19022436/codebook-ffs-claims.pdf
inpatient.csv,inpatient,CLM_UTLZTN_DAY_CNT,clm_utlztn_day_cnt,numeric,Source field retained; consult the CMS data dictionary for its definition.,https://www2.ccwdata.org/documents/10280/19022436/codebook-ffs-claims.pdf
inpatient.csv,inpatient,BENE_TOT_COINSRNC_DAYS_CNT,bene_tot_coinsrnc_days_cnt,numeric,Source field retained; consult the CMS data dictionary for its definition.,https://www2.ccwdata.org/documents/10280/19022436/codebook-ffs-claims.pdf
inpatient.csv,inpatient,BENE_LRD_USED_CNT,bene_lrd_used_cnt,numeric,Source field retained; consult the CMS data dictionary for its definition.,https://www2.ccwdata.org/documents/10280/19022436/codebook-ffs-claims.pdf
inpatient.csv,inpatient,CLM_NON_UTLZTN_DAYS_CNT,clm_non_utlztn_days_cnt,numeric,Source field retained; consult the CMS data dictionary for its definition.,https://www2.ccwdata.org/documents/10280/19022436/codebook-ffs-claims.pdf
inpatient.csv,inpatient,NCH_BLOOD_PNTS_FRNSHD_QTY,nch_blood_pnts_frnshd_qty,numeric,Source field retained; consult the CMS data dictionary for its definition.,https://www2.ccwdata.org/documents/10280/19022436/codebook-ffs-claims.pdf
inpatient.csv,inpatient,NCH_VRFD_NCVRD_STAY_FROM_DT,nch_vrfd_ncvrd_stay_from_dt,date,Source field retained; consult the CMS data dictionary for its definition.,https://www2.ccwdata.org/documents/10280/19022436/codebook-ffs-claims.pdf
inpatient.csv,inpatient,NCH_VRFD_NCVRD_STAY_THRU_DT,nch_vrfd_ncvrd_stay_thru_dt,date,Source field retained; consult the CMS data dictionary for its definition.,https://www2.ccwdata.org/documents/10280/19022436/codebook-ffs-claims.pdf
inpatient.csv,inpatient,NCH_ACTV_OR_CVRD_LVL_CARE_THRU,nch_actv_or_cvrd_lvl_care_thru,text_or_category,Source field retained; consult the CMS data dictionary for its definition.,https://www2.ccwdata.org/documents/10280/19022436/codebook-ffs-claims.pdf
inpatient.csv,inpatient,NCH_BENE_MDCR_BNFTS_EXHTD_DT_I,nch_bene_mdcr_bnfts_exhtd_dt_i,text_or_category,Source field retained; consult the CMS data dictionary for its definition.,https://www2.ccwdata.org/documents/10280/19022436/codebook-ffs-claims.pdf
inpatient.csv,inpatient,NCH_BENE_DSCHRG_DT,nch_bene_dschrg_dt,date,Source field retained; consult the CMS data dictionary for its definition.,https://www2.ccwdata.org/documents/10280/19022436/codebook-ffs-claims.pdf
inpatient.csv,inpatient,CLM_DRG_CD,clm_drg_cd,identifier_or_code,Source field retained; consult the CMS data dictionary for its definition.,https://www2.ccwdata.org/documents/10280/19022436/codebook-ffs-claims.pdf
inpatient.csv,inpatient,CLM_DRG_OUTLIER_STAY_CD,clm_drg_outlier_stay_cd,identifier_or_code,Source field retained; consult the CMS data dictionary for its definition.,https://www2.ccwdata.org/documents/10280/19022436/codebook-ffs-claims.pdf
inpatient.csv,inpatient,NCH_DRG_OUTLIER_APRVD_PMT_AMT,nch_drg_outlier_aprvd_pmt_amt,numeric,Source field retained; consult the CMS data dictionary for its definition.,https://www2.ccwdata.org/documents/10280/19022436/codebook-ffs-claims.pdf
inpatient.csv,inpatient,ADMTG_DGNS_CD,admtg_dgns_cd,identifier_or_code,Source field retained; consult the CMS data dictionary for its definition.,https://www2.ccwdata.org/documents/10280/19022436/codebook-ffs-claims.pdf
inpatient.csv,inpatient,PRNCPAL_DGNS_CD,prncpal_dgns_cd,identifier_or_code,Source field retained; consult the CMS data dictionary for its definition.,https://www2.ccwdata.org/documents/10280/19022436/codebook-ffs-claims.pdf
inpatient.csv,inpatient,ICD_DGNS_CD1,diagnosis_code_1,identifier_or_code,Numbered diagnosis code from the source claim.,https://www2.ccwdata.org/documents/10280/19022436/codebook-ffs-claims.pdf
inpatient.csv,inpatient,CLM_POA_IND_SW1,clm_poa_ind_sw1,text_or_category,Source field retained; consult the CMS data dictionary for its definition.,https://www2.ccwdata.org/documents/10280/19022436/codebook-ffs-claims.pdf
inpatient.csv,inpatient,ICD_DGNS_CD2,diagnosis_code_2,identifier_or_code,Numbered diagnosis code from the source claim.,https://www2.ccwdata.org/documents/10280/19022436/codebook-ffs-claims.pdf
inpatient.csv,inpatient,CLM_POA_IND_SW2,clm_poa_ind_sw2,text_or_category,Source field retained; consult the CMS data dictionary for its definition.,https://www2.ccwdata.org/documents/10280/19022436/codebook-ffs-claims.pdf
inpatient.csv,inpatient,ICD_DGNS_CD3,diagnosis_code_3,identifier_or_code,Numbered diagnosis code from the source claim.,https://www2.ccwdata.org/documents/10280/19022436/codebook-ffs-claims.pdf
inpatient.csv,inpatient,CLM_POA_IND_SW3,clm_poa_ind_sw3,text_or_category,Source field retained; consult the CMS data dictionary for its definition.,https://www2.ccwdata.org/documents/10280/19022436/codebook-ffs-claims.pdf
inpatient.csv,inpatient,ICD_DGNS_CD4,diagnosis_code_4,identifier_or_code,Numbered diagnosis code from the source claim.,https://www2.ccwdata.org/documents/10280/19022436/codebook-ffs-claims.pdf
inpatient.csv,inpatient,CLM_POA_IND_SW4,clm_poa_ind_sw4,text_or_category,Source field retained; consult the CMS data dictionary for its definition.,https://www2.ccwdata.org/documents/10280/19022436/codebook-ffs-claims.pdf
inpatient.csv,inpatient,ICD_DGNS_CD5,diagnosis_code_5,identifier_or_code,Numbered diagnosis code from the source claim.,https://www2.ccwdata.org/documents/10280/19022436/codebook-ffs-claims.pdf
inpatient.csv,inpatient,CLM_POA_IND_SW5,clm_poa_ind_sw5,text_or_category,Source field retained; consult the CMS data dictionary for its definition.,https://www2.ccwdata.org/documents/10280/19022436/codebook-ffs-claims.pdf
inpatient.csv,inpatient,ICD_DGNS_CD6,diagnosis_code_6,identifier_or_code,Numbered diagnosis code from the source claim.,https://www2.ccwdata.org/documents/10280/19022436/codebook-ffs-claims.pdf
inpatient.csv,inpatient,CLM_POA_IND_SW6,clm_poa_ind_sw6,text_or_category,Source field retained; consult the CMS data dictionary for its definition.,https://www2.ccwdata.org/documents/10280/19022436/codebook-ffs-claims.pdf
inpatient.csv,inpatient,ICD_DGNS_CD7,diagnosis_code_7,identifier_or_code,Numbered diagnosis code from the source claim.,https://www2.ccwdata.org/documents/10280/19022436/codebook-ffs-claims.pdf
inpatient.csv,inpatient,CLM_POA_IND_SW7,clm_poa_ind_sw7,text_or_category,Source field retained; consult the CMS data dictionary for its definition.,https://www2.ccwdata.org/documents/10280/19022436/codebook-ffs-claims.pdf
inpatient.csv,inpatient,ICD_DGNS_CD8,diagnosis_code_8,identifier_or_code,Numbered diagnosis code from the source claim.,https://www2.ccwdata.org/documents/10280/19022436/codebook-ffs-claims.pdf
inpatient.csv,inpatient,CLM_POA_IND_SW8,clm_poa_ind_sw8,text_or_category,Source field retained; consult the CMS data dictionary for its definition.,https://www2.ccwdata.org/documents/10280/19022436/codebook-ffs-claims.pdf
inpatient.csv,inpatient,ICD_DGNS_CD9,diagnosis_code_9,identifier_or_code,Numbered diagnosis code from the source claim.,https://www2.ccwdata.org/documents/10280/19022436/codebook-ffs-claims.pdf
inpatient.csv,inpatient,CLM_POA_IND_SW9,clm_poa_ind_sw9,text_or_category,Source field retained; consult the CMS data dictionary for its definition.,https://www2.ccwdata.org/documents/10280/19022436/codebook-ffs-claims.pdf
inpatient.csv,inpatient,ICD_DGNS_CD10,diagnosis_code_10,identifier_or_code,Numbered diagnosis code from the source claim.,https://www2.ccwdata.org/documents/10280/19022436/codebook-ffs-claims.pdf
inpatient.csv,inpatient,CLM_POA_IND_SW10,clm_poa_ind_sw10,text_or_category,Source field retained; consult the CMS data dictionary for its definition.,https://www2.ccwdata.org/documents/10280/19022436/codebook-ffs-claims.pdf
inpatient.csv,inpatient,ICD_DGNS_CD11,diagnosis_code_11,identifier_or_code,Numbered diagnosis code from the source claim.,https://www2.ccwdata.org/documents/10280/19022436/codebook-ffs-claims.pdf
inpatient.csv,inpatient,CLM_POA_IND_SW11,clm_poa_ind_sw11,text_or_category,Source field retained; consult the CMS data dictionary for its definition.,https://www2.ccwdata.org/documents/10280/19022436/codebook-ffs-claims.pdf
inpatient.csv,inpatient,ICD_DGNS_CD12,diagnosis_code_12,identifier_or_code,Numbered diagnosis code from the source claim.,https://www2.ccwdata.org/documents/10280/19022436/codebook-ffs-claims.pdf
inpatient.csv,inpatient,CLM_POA_IND_SW12,clm_poa_ind_sw12,text_or_category,Source field retained; consult the CMS data dictionary for its definition.,https://www2.ccwdata.org/documents/10280/19022436/codebook-ffs-claims.pdf
inpatient.csv,inpatient,ICD_DGNS_CD13,diagnosis_code_13,identifier_or_code,Numbered diagnosis code from the source claim.,https://www2.ccwdata.org/documents/10280/19022436/codebook-ffs-claims.pdf
inpatient.csv,inpatient,CLM_POA_IND_SW13,clm_poa_ind_sw13,text_or_category,Source field retained; consult the CMS data dictionary for its definition.,https://www2.ccwdata.org/documents/10280/19022436/codebook-ffs-claims.pdf
inpatient.csv,inpatient,ICD_DGNS_CD14,diagnosis_code_14,identifier_or_code,Numbered diagnosis code from the source claim.,https://www2.ccwdata.org/documents/10280/19022436/codebook-ffs-claims.pdf
inpatient.csv,inpatient,CLM_POA_IND_SW14,clm_poa_ind_sw14,text_or_category,Source field retained; consult the CMS data dictionary for its definition.,https://www2.ccwdata.org/documents/10280/19022436/codebook-ffs-claims.pdf
inpatient.csv,inpatient,ICD_DGNS_CD15,diagnosis_code_15,identifier_or_code,Numbered diagnosis code from the source claim.,https://www2.ccwdata.org/documents/10280/19022436/codebook-ffs-claims.pdf
inpatient.csv,inpatient,CLM_POA_IND_SW15,clm_poa_ind_sw15,text_or_category,Source field retained; consult the CMS data dictionary for its definition.,https://www2.ccwdata.org/documents/10280/19022436/codebook-ffs-claims.pdf
inpatient.csv,inpatient,ICD_DGNS_CD16,diagnosis_code_16,identifier_or_code,Numbered diagnosis code from the source claim.,https://www2.ccwdata.org/documents/10280/19022436/codebook-ffs-claims.pdf
inpatient.csv,inpatient,CLM_POA_IND_SW16,clm_poa_ind_sw16,text_or_category,Source field retained; consult the CMS data dictionary for its definition.,https://www2.ccwdata.org/documents/10280/19022436/codebook-ffs-claims.pdf
inpatient.csv,inpatient,ICD_DGNS_CD17,diagnosis_code_17,identifier_or_code,Numbered diagnosis code from the source claim.,https://www2.ccwdata.org/documents/10280/19022436/codebook-ffs-claims.pdf
inpatient.csv,inpatient,CLM_POA_IND_SW17,clm_poa_ind_sw17,text_or_category,Source field retained; consult the CMS data dictionary for its definition.,https://www2.ccwdata.org/documents/10280/19022436/codebook-ffs-claims.pdf
inpatient.csv,inpatient,ICD_DGNS_CD18,diagnosis_code_18,identifier_or_code,Numbered diagnosis code from the source claim.,https://www2.ccwdata.org/documents/10280/19022436/codebook-ffs-claims.pdf
inpatient.csv,inpatient,CLM_POA_IND_SW18,clm_poa_ind_sw18,text_or_category,Source field retained; consult the CMS data dictionary for its definition.,https://www2.ccwdata.org/documents/10280/19022436/codebook-ffs-claims.pdf
inpatient.csv,inpatient,ICD_DGNS_CD19,diagnosis_code_19,identifier_or_code,Numbered diagnosis code from the source claim.,https://www2.ccwdata.org/documents/10280/19022436/codebook-ffs-claims.pdf
inpatient.csv,inpatient,CLM_POA_IND_SW19,clm_poa_ind_sw19,text_or_category,Source field retained; consult the CMS data dictionary for its definition.,https://www2.ccwdata.org/documents/10280/19022436/codebook-ffs-claims.pdf
inpatient.csv,inpatient,ICD_DGNS_CD20,diagnosis_code_20,identifier_or_code,Numbered diagnosis code from the source claim.,https://www2.ccwdata.org/documents/10280/19022436/codebook-ffs-claims.pdf
inpatient.csv,inpatient,CLM_POA_IND_SW20,clm_poa_ind_sw20,text_or_category,Source field retained; consult the CMS data dictionary for its definition.,https://www2.ccwdata.org/documents/10280/19022436/codebook-ffs-claims.pdf
inpatient.csv,inpatient,ICD_DGNS_CD21,diagnosis_code_21,identifier_or_code,Numbered diagnosis code from the source claim.,https://www2.ccwdata.org/documents/10280/19022436/codebook-ffs-claims.pdf
inpatient.csv,inpatient,CLM_POA_IND_SW21,clm_poa_ind_sw21,text_or_category,Source field retained; consult the CMS data dictionary for its definition.,https://www2.ccwdata.org/documents/10280/19022436/codebook-ffs-claims.pdf
inpatient.csv,inpatient,ICD_DGNS_CD22,diagnosis_code_22,identifier_or_code,Numbered diagnosis code from the source claim.,https://www2.ccwdata.org/documents/10280/19022436/codebook-ffs-claims.pdf
inpatient.csv,inpatient,CLM_POA_IND_SW22,clm_poa_ind_sw22,text_or_category,Source field retained; consult the CMS data dictionary for its definition.,https://www2.ccwdata.org/documents/10280/19022436/codebook-ffs-claims.pdf
inpatient.csv,inpatient,ICD_DGNS_CD23,diagnosis_code_23,identifier_or_code,Numbered diagnosis code from the source claim.,https://www2.ccwdata.org/documents/10280/19022436/codebook-ffs-claims.pdf
inpatient.csv,inpatient,CLM_POA_IND_SW23,clm_poa_ind_sw23,text_or_category,Source field retained; consult the CMS data dictionary for its definition.,https://www2.ccwdata.org/documents/10280/19022436/codebook-ffs-claims.pdf
inpatient.csv,inpatient,ICD_DGNS_CD24,diagnosis_code_24,identifier_or_code,Numbered diagnosis code from the source claim.,https://www2.ccwdata.org/documents/10280/19022436/codebook-ffs-claims.pdf
inpatient.csv,inpatient,CLM_POA_IND_SW24,clm_poa_ind_sw24,text_or_category,Source field retained; consult the CMS data dictionary for its definition.,https://www2.ccwdata.org/documents/10280/19022436/codebook-ffs-claims.pdf
inpatient.csv,inpatient,ICD_DGNS_CD25,diagnosis_code_25,identifier_or_code,Numbered diagnosis code from the source claim.,https://www2.ccwdata.org/documents/10280/19022436/codebook-ffs-claims.pdf
inpatient.csv,inpatient,CLM_POA_IND_SW25,clm_poa_ind_sw25,text_or_category,Source field retained; consult the CMS data dictionary for its definition.,https://www2.ccwdata.org/documents/10280/19022436/codebook-ffs-claims.pdf
inpatient.csv,inpatient,FST_DGNS_E_CD,fst_dgns_e_cd,identifier_or_code,Source field retained; consult the CMS data dictionary for its definition.,https://www2.ccwdata.org/documents/10280/19022436/codebook-ffs-claims.pdf
inpatient.csv,inpatient,ICD_DGNS_E_CD1,icd_dgns_e_cd1,text_or_category,Source field retained; consult the CMS data dictionary for its definition.,https://www2.ccwdata.org/documents/10280/19022436/codebook-ffs-claims.pdf
inpatient.csv,inpatient,CLM_E_POA_IND_SW1,clm_e_poa_ind_sw1,text_or_category,Source field retained; consult the CMS data dictionary for its definition.,https://www2.ccwdata.org/documents/10280/19022436/codebook-ffs-claims.pdf
inpatient.csv,inpatient,ICD_DGNS_E_CD2,icd_dgns_e_cd2,text_or_category,Source field retained; consult the CMS data dictionary for its definition.,https://www2.ccwdata.org/documents/10280/19022436/codebook-ffs-claims.pdf
inpatient.csv,inpatient,CLM_E_POA_IND_SW2,clm_e_poa_ind_sw2,text_or_category,Source field retained; consult the CMS data dictionary for its definition.,https://www2.ccwdata.org/documents/10280/19022436/codebook-ffs-claims.pdf
inpatient.csv,inpatient,ICD_DGNS_E_CD3,icd_dgns_e_cd3,text_or_category,Source field retained; consult the CMS data dictionary for its definition.,https://www2.ccwdata.org/documents/10280/19022436/codebook-ffs-claims.pdf
inpatient.csv,inpatient,CLM_E_POA_IND_SW3,clm_e_poa_ind_sw3,text_or_category,Source field retained; consult the CMS data dictionary for its definition.,https://www2.ccwdata.org/documents/10280/19022436/codebook-ffs-claims.pdf
inpatient.csv,inpatient,ICD_DGNS_E_CD4,icd_dgns_e_cd4,text_or_category,Source field retained; consult the CMS data dictionary for its definition.,https://www2.ccwdata.org/documents/10280/19022436/codebook-ffs-claims.pdf
inpatient.csv,inpatient,CLM_E_POA_IND_SW4,clm_e_poa_ind_sw4,text_or_category,Source field retained; consult the CMS data dictionary for its definition.,https://www2.ccwdata.org/documents/10280/19022436/codebook-ffs-claims.pdf
inpatient.csv,inpatient,ICD_DGNS_E_CD5,icd_dgns_e_cd5,text_or_category,Source field retained; consult the CMS data dictionary for its definition.,https://www2.ccwdata.org/documents/10280/19022436/codebook-ffs-claims.pdf
inpatient.csv,inpatient,CLM_E_POA_IND_SW5,clm_e_poa_ind_sw5,text_or_category,Source field retained; consult the CMS data dictionary for its definition.,https://www2.ccwdata.org/documents/10280/19022436/codebook-ffs-claims.pdf
inpatient.csv,inpatient,ICD_DGNS_E_CD6,icd_dgns_e_cd6,text_or_category,Source field retained; consult the CMS data dictionary for its definition.,https://www2.ccwdata.org/documents/10280/19022436/codebook-ffs-claims.pdf
inpatient.csv,inpatient,CLM_E_POA_IND_SW6,clm_e_poa_ind_sw6,text_or_category,Source field retained; consult the CMS data dictionary for its definition.,https://www2.ccwdata.org/documents/10280/19022436/codebook-ffs-claims.pdf
inpatient.csv,inpatient,ICD_DGNS_E_CD7,icd_dgns_e_cd7,text_or_category,Source field retained; consult the CMS data dictionary for its definition.,https://www2.ccwdata.org/documents/10280/19022436/codebook-ffs-claims.pdf
inpatient.csv,inpatient,CLM_E_POA_IND_SW7,clm_e_poa_ind_sw7,text_or_category,Source field retained; consult the CMS data dictionary for its definition.,https://www2.ccwdata.org/documents/10280/19022436/codebook-ffs-claims.pdf
inpatient.csv,inpatient,ICD_DGNS_E_CD8,icd_dgns_e_cd8,text_or_category,Source field retained; consult the CMS data dictionary for its definition.,https://www2.ccwdata.org/documents/10280/19022436/codebook-ffs-claims.pdf
inpatient.csv,inpatient,CLM_E_POA_IND_SW8,clm_e_poa_ind_sw8,text_or_category,Source field retained; consult the CMS data dictionary for its definition.,https://www2.ccwdata.org/documents/10280/19022436/codebook-ffs-claims.pdf
inpatient.csv,inpatient,ICD_DGNS_E_CD9,icd_dgns_e_cd9,text_or_category,Source field retained; consult the CMS data dictionary for its definition.,https://www2.ccwdata.org/documents/10280/19022436/codebook-ffs-claims.pdf
inpatient.csv,inpatient,CLM_E_POA_IND_SW9,clm_e_poa_ind_sw9,text_or_category,Source field retained; consult the CMS data dictionary for its definition.,https://www2.ccwdata.org/documents/10280/19022436/codebook-ffs-claims.pdf
inpatient.csv,inpatient,ICD_DGNS_E_CD10,icd_dgns_e_cd10,text_or_category,Source field retained; consult the CMS data dictionary for its definition.,https://www2.ccwdata.org/documents/10280/19022436/codebook-ffs-claims.pdf
inpatient.csv,inpatient,CLM_E_POA_IND_SW10,clm_e_poa_ind_sw10,text_or_category,Source field retained; consult the CMS data dictionary for its definition.,https://www2.ccwdata.org/documents/10280/19022436/codebook-ffs-claims.pdf
inpatient.csv,inpatient,ICD_DGNS_E_CD11,icd_dgns_e_cd11,text_or_category,Source field retained; consult the CMS data dictionary for its definition.,https://www2.ccwdata.org/documents/10280/19022436/codebook-ffs-claims.pdf
inpatient.csv,inpatient,CLM_E_POA_IND_SW11,clm_e_poa_ind_sw11,text_or_category,Source field retained; consult the CMS data dictionary for its definition.,https://www2.ccwdata.org/documents/10280/19022436/codebook-ffs-claims.pdf
inpatient.csv,inpatient,ICD_DGNS_E_CD12,icd_dgns_e_cd12,text_or_category,Source field retained; consult the CMS data dictionary for its definition.,https://www2.ccwdata.org/documents/10280/19022436/codebook-ffs-claims.pdf
inpatient.csv,inpatient,CLM_E_POA_IND_SW12,clm_e_poa_ind_sw12,text_or_category,Source field retained; consult the CMS data dictionary for its definition.,https://www2.ccwdata.org/documents/10280/19022436/codebook-ffs-claims.pdf
inpatient.csv,inpatient,ICD_PRCDR_CD1,icd10_pcs_procedure_code_1,identifier_or_code,Numbered ICD-10-PCS procedure code from the source claim.,https://www2.ccwdata.org/documents/10280/19022436/codebook-ffs-claims.pdf
inpatient.csv,inpatient,PRCDR_DT1,prcdr_dt1,text_or_category,Source field retained; consult the CMS data dictionary for its definition.,https://www2.ccwdata.org/documents/10280/19022436/codebook-ffs-claims.pdf
inpatient.csv,inpatient,ICD_PRCDR_CD2,icd10_pcs_procedure_code_2,identifier_or_code,Numbered ICD-10-PCS procedure code from the source claim.,https://www2.ccwdata.org/documents/10280/19022436/codebook-ffs-claims.pdf
inpatient.csv,inpatient,PRCDR_DT2,prcdr_dt2,text_or_category,Source field retained; consult the CMS data dictionary for its definition.,https://www2.ccwdata.org/documents/10280/19022436/codebook-ffs-claims.pdf
inpatient.csv,inpatient,ICD_PRCDR_CD3,icd10_pcs_procedure_code_3,identifier_or_code,Numbered ICD-10-PCS procedure code from the source claim.,https://www2.ccwdata.org/documents/10280/19022436/codebook-ffs-claims.pdf
inpatient.csv,inpatient,PRCDR_DT3,prcdr_dt3,text_or_category,Source field retained; consult the CMS data dictionary for its definition.,https://www2.ccwdata.org/documents/10280/19022436/codebook-ffs-claims.pdf
inpatient.csv,inpatient,ICD_PRCDR_CD4,icd10_pcs_procedure_code_4,identifier_or_code,Numbered ICD-10-PCS procedure code from the source claim.,https://www2.ccwdata.org/documents/10280/19022436/codebook-ffs-claims.pdf
inpatient.csv,inpatient,PRCDR_DT4,prcdr_dt4,text_or_category,Source field retained; consult the CMS data dictionary for its definition.,https://www2.ccwdata.org/documents/10280/19022436/codebook-ffs-claims.pdf
inpatient.csv,inpatient,ICD_PRCDR_CD5,icd10_pcs_procedure_code_5,identifier_or_code,Numbered ICD-10-PCS procedure code from the source claim.,https://www2.ccwdata.org/documents/10280/19022436/codebook-ffs-claims.pdf
inpatient.csv,inpatient,PRCDR_DT5,prcdr_dt5,text_or_category,Source field retained; consult the CMS data dictionary for its definition.,https://www2.ccwdata.org/documents/10280/19022436/codebook-ffs-claims.pdf
inpatient.csv,inpatient,ICD_PRCDR_CD6,icd10_pcs_procedure_code_6,identifier_or_code,Numbered ICD-10-PCS procedure code from the source claim.,https://www2.ccwdata.org/documents/10280/19022436/codebook-ffs-claims.pdf
inpatient.csv,inpatient,PRCDR_DT6,prcdr_dt6,text_or_category,Source field retained; consult the CMS data dictionary for its definition.,https://www2.ccwdata.org/documents/10280/19022436/codebook-ffs-claims.pdf
inpatient.csv,inpatient,ICD_PRCDR_CD7,icd10_pcs_procedure_code_7,identifier_or_code,Numbered ICD-10-PCS procedure code from the source claim.,https://www2.ccwdata.org/documents/10280/19022436/codebook-ffs-claims.pdf
inpatient.csv,inpatient,PRCDR_DT7,prcdr_dt7,text_or_category,Source field retained; consult the CMS data dictionary for its definition.,https://www2.ccwdata.org/documents/10280/19022436/codebook-ffs-claims.pdf
inpatient.csv,inpatient,ICD_PRCDR_CD8,icd10_pcs_procedure_code_8,identifier_or_code,Numbered ICD-10-PCS procedure code from the source claim.,https://www2.ccwdata.org/documents/10280/19022436/codebook-ffs-claims.pdf
inpatient.csv,inpatient,PRCDR_DT8,prcdr_dt8,text_or_category,Source field retained; consult the CMS data dictionary for its definition.,https://www2.ccwdata.org/documents/10280/19022436/codebook-ffs-claims.pdf
inpatient.csv,inpatient,ICD_PRCDR_CD9,icd10_pcs_procedure_code_9,identifier_or_code,Numbered ICD-10-PCS procedure code from the source claim.,https://www2.ccwdata.org/documents/10280/19022436/codebook-ffs-claims.pdf
inpatient.csv,inpatient,PRCDR_DT9,prcdr_dt9,text_or_category,Source field retained; consult the CMS data dictionary for its definition.,https://www2.ccwdata.org/documents/10280/19022436/codebook-ffs-claims.pdf
inpatient.csv,inpatient,ICD_PRCDR_CD10,icd10_pcs_procedure_code_10,identifier_or_code,Numbered ICD-10-PCS procedure code from the source claim.,https://www2.ccwdata.org/documents/10280/19022436/codebook-ffs-claims.pdf
inpatient.csv,inpatient,PRCDR_DT10,prcdr_dt10,text_or_category,Source field retained; consult the CMS data dictionary for its definition.,https://www2.ccwdata.org/documents/10280/19022436/codebook-ffs-claims.pdf
inpatient.csv,inpatient,ICD_PRCDR_CD11,icd10_pcs_procedure_code_11,identifier_or_code,Numbered ICD-10-PCS procedure code from the source claim.,https://www2.ccwdata.org/documents/10280/19022436/codebook-ffs-claims.pdf
inpatient.csv,inpatient,PRCDR_DT11,prcdr_dt11,text_or_category,Source field retained; consult the CMS data dictionary for its definition.,https://www2.ccwdata.org/documents/10280/19022436/codebook-ffs-claims.pdf
inpatient.csv,inpatient,ICD_PRCDR_CD12,icd10_pcs_procedure_code_12,identifier_or_code,Numbered ICD-10-PCS procedure code from the source claim.,https://www2.ccwdata.org/documents/10280/19022436/codebook-ffs-claims.pdf
inpatient.csv,inpatient,PRCDR_DT12,prcdr_dt12,text_or_category,Source field retained; consult the CMS data dictionary for its definition.,https://www2.ccwdata.org/documents/10280/19022436/codebook-ffs-claims.pdf
inpatient.csv,inpatient,ICD_PRCDR_CD13,icd10_pcs_procedure_code_13,identifier_or_code,Numbered ICD-10-PCS procedure code from the source claim.,https://www2.ccwdata.org/documents/10280/19022436/codebook-ffs-claims.pdf
inpatient.csv,inpatient,PRCDR_DT13,prcdr_dt13,text_or_category,Source field retained; consult the CMS data dictionary for its definition.,https://www2.ccwdata.org/documents/10280/19022436/codebook-ffs-claims.pdf
inpatient.csv,inpatient,ICD_PRCDR_CD14,icd10_pcs_procedure_code_14,identifier_or_code,Numbered ICD-10-PCS procedure code from the source claim.,https://www2.ccwdata.org/documents/10280/19022436/codebook-ffs-claims.pdf
inpatient.csv,inpatient,PRCDR_DT14,prcdr_dt14,text_or_category,Source field retained; consult the CMS data dictionary for its definition.,https://www2.ccwdata.org/documents/10280/19022436/codebook-ffs-claims.pdf
inpatient.csv,inpatient,ICD_PRCDR_CD15,icd10_pcs_procedure_code_15,identifier_or_code,Numbered ICD-10-PCS procedure code from the source claim.,https://www2.ccwdata.org/documents/10280/19022436/codebook-ffs-claims.pdf
inpatient.csv,inpatient,PRCDR_DT15,prcdr_dt15,text_or_category,Source field retained; consult the CMS data dictionary for its definition.,https://www2.ccwdata.org/documents/10280/19022436/codebook-ffs-claims.pdf
inpatient.csv,inpatient,ICD_PRCDR_CD16,icd10_pcs_procedure_code_16,identifier_or_code,Numbered ICD-10-PCS procedure code from the source claim.,https://www2.ccwdata.org/documents/10280/19022436/codebook-ffs-claims.pdf
inpatient.csv,inpatient,PRCDR_DT16,prcdr_dt16,text_or_category,Source field retained; consult the CMS data dictionary for its definition.,https://www2.ccwdata.org/documents/10280/19022436/codebook-ffs-claims.pdf
inpatient.csv,inpatient,ICD_PRCDR_CD17,icd10_pcs_procedure_code_17,identifier_or_code,Numbered ICD-10-PCS procedure code from the source claim.,https://www2.ccwdata.org/documents/10280/19022436/codebook-ffs-claims.pdf
inpatient.csv,inpatient,PRCDR_DT17,prcdr_dt17,text_or_category,Source field retained; consult the CMS data dictionary for its definition.,https://www2.ccwdata.org/documents/10280/19022436/codebook-ffs-claims.pdf
inpatient.csv,inpatient,ICD_PRCDR_CD18,icd10_pcs_procedure_code_18,identifier_or_code,Numbered ICD-10-PCS procedure code from the source claim.,https://www2.ccwdata.org/documents/10280/19022436/codebook-ffs-claims.pdf
inpatient.csv,inpatient,PRCDR_DT18,prcdr_dt18,text_or_category,Source field retained; consult the CMS data dictionary for its definition.,https://www2.ccwdata.org/documents/10280/19022436/codebook-ffs-claims.pdf
inpatient.csv,inpatient,ICD_PRCDR_CD19,icd10_pcs_procedure_code_19,identifier_or_code,Numbered ICD-10-PCS procedure code from the source claim.,https://www2.ccwdata.org/documents/10280/19022436/codebook-ffs-claims.pdf
inpatient.csv,inpatient,PRCDR_DT19,prcdr_dt19,text_or_category,Source field retained; consult the CMS data dictionary for its definition.,https://www2.ccwdata.org/documents/10280/19022436/codebook-ffs-claims.pdf
inpatient.csv,inpatient,ICD_PRCDR_CD20,icd10_pcs_procedure_code_20,identifier_or_code,Numbered ICD-10-PCS procedure code from the source claim.,https://www2.ccwdata.org/documents/10280/19022436/codebook-ffs-claims.pdf
inpatient.csv,inpatient,PRCDR_DT20,prcdr_dt20,text_or_category,Source field retained; consult the CMS data dictionary for its definition.,https://www2.ccwdata.org/documents/10280/19022436/codebook-ffs-claims.pdf
inpatient.csv,inpatient,ICD_PRCDR_CD21,icd10_pcs_procedure_code_21,identifier_or_code,Numbered ICD-10-PCS procedure code from the source claim.,https://www2.ccwdata.org/documents/10280/19022436/codebook-ffs-claims.pdf
inpatient.csv,inpatient,PRCDR_DT21,prcdr_dt21,text_or_category,Source field retained; consult the CMS data dictionary for its definition.,https://www2.ccwdata.org/documents/10280/19022436/codebook-ffs-claims.pdf
inpatient.csv,inpatient,ICD_PRCDR_CD22,icd10_pcs_procedure_code_22,identifier_or_code,Numbered ICD-10-PCS procedure code from the source claim.,https://www2.ccwdata.org/documents/10280/19022436/codebook-ffs-claims.pdf
inpatient.csv,inpatient,PRCDR_DT22,prcdr_dt22,text_or_category,Source field retained; consult the CMS data dictionary for its definition.,https://www2.ccwdata.org/documents/10280/19022436/codebook-ffs-claims.pdf
inpatient.csv,inpatient,ICD_PRCDR_CD23,icd10_pcs_procedure_code_23,identifier_or_code,Numbered ICD-10-PCS procedure code from the source claim.,https://www2.ccwdata.org/documents/10280/19022436/codebook-ffs-claims.pdf
inpatient.csv,inpatient,PRCDR_DT23,prcdr_dt23,text_or_category,Source field retained; consult the CMS data dictionary for its definition.,https://www2.ccwdata.org/documents/10280/19022436/codebook-ffs-claims.pdf
inpatient.csv,inpatient,ICD_PRCDR_CD24,icd10_pcs_procedure_code_24,identifier_or_code,Numbered ICD-10-PCS procedure code from the source claim.,https://www2.ccwdata.org/documents/10280/19022436/codebook-ffs-claims.pdf
inpatient.csv,inpatient,PRCDR_DT24,prcdr_dt24,text_or_category,Source field retained; consult the CMS data dictionary for its definition.,https://www2.ccwdata.org/documents/10280/19022436/codebook-ffs-claims.pdf
inpatient.csv,inpatient,ICD_PRCDR_CD25,icd10_pcs_procedure_code_25,identifier_or_code,Numbered ICD-10-PCS procedure code from the source claim.,https://www2.ccwdata.org/documents/10280/19022436/codebook-ffs-claims.pdf
inpatient.csv,inpatient,PRCDR_DT25,prcdr_dt25,text_or_category,Source field retained; consult the CMS data dictionary for its definition.,https://www2.ccwdata.org/documents/10280/19022436/codebook-ffs-claims.pdf
inpatient.csv,inpatient,IME_OP_CLM_VAL_AMT,ime_op_clm_val_amt,numeric,Source field retained; consult the CMS data dictionary for its definition.,https://www2.ccwdata.org/documents/10280/19022436/codebook-ffs-claims.pdf
inpatient.csv,inpatient,DSH_OP_CLM_VAL_AMT,dsh_op_clm_val_amt,numeric,Source field retained; consult the CMS data dictionary for its definition.,https://www2.ccwdata.org/documents/10280/19022436/codebook-ffs-claims.pdf
inpatient.csv,inpatient,CLM_UNCOMPD_CARE_PMT_AMT,clm_uncompd_care_pmt_amt,numeric,Source field retained; consult the CMS data dictionary for its definition.,https://www2.ccwdata.org/documents/10280/19022436/codebook-ffs-claims.pdf
inpatient.csv,inpatient,CLM_LINE_NUM,clm_line_num,text_or_category,Source field retained; consult the CMS data dictionary for its definition.,https://www2.ccwdata.org/documents/10280/19022436/codebook-ffs-claims.pdf
inpatient.csv,inpatient,REV_CNTR,rev_cntr,text_or_category,Source field retained; consult the CMS data dictionary for its definition.,https://www2.ccwdata.org/documents/10280/19022436/codebook-ffs-claims.pdf
inpatient.csv,inpatient,HCPCS_CD,hcpcs_cd,identifier_or_code,Source field retained; consult the CMS data dictionary for its definition.,https://www2.ccwdata.org/documents/10280/19022436/codebook-ffs-claims.pdf
inpatient.csv,inpatient,REV_CNTR_DDCTBL_COINSRNC_CD,rev_cntr_ddctbl_coinsrnc_cd,identifier_or_code,Source field retained; consult the CMS data dictionary for its definition.,https://www2.ccwdata.org/documents/10280/19022436/codebook-ffs-claims.pdf
carrier.zip,carrier,BENE_ID,bene_id,identifier_or_code,CMS synthetic beneficiary identifier; preserved as text.,https://www2.ccwdata.org/documents/10280/19022436/codebook-ffs-claims.pdf
carrier.zip,carrier,CLM_ID,clm_id,identifier_or_code,Source field retained; consult the CMS data dictionary for its definition.,https://www2.ccwdata.org/documents/10280/19022436/codebook-ffs-claims.pdf
carrier.zip,carrier,NCH_NEAR_LINE_REC_IDENT_CD,nch_near_line_rec_ident_cd,identifier_or_code,Source field retained; consult the CMS data dictionary for its definition.,https://www2.ccwdata.org/documents/10280/19022436/codebook-ffs-claims.pdf
carrier.zip,carrier,NCH_CLM_TYPE_CD,nch_clm_type_cd,identifier_or_code,Source field retained; consult the CMS data dictionary for its definition.,https://www2.ccwdata.org/documents/10280/19022436/codebook-ffs-claims.pdf
carrier.zip,carrier,CLM_FROM_DT,clm_from_dt,date,Source field retained; consult the CMS data dictionary for its definition.,https://www2.ccwdata.org/documents/10280/19022436/codebook-ffs-claims.pdf
carrier.zip,carrier,CLM_THRU_DT,clm_thru_dt,date,Source field retained; consult the CMS data dictionary for its definition.,https://www2.ccwdata.org/documents/10280/19022436/codebook-ffs-claims.pdf
carrier.zip,carrier,NCH_WKLY_PROC_DT,nch_wkly_proc_dt,date,Source field retained; consult the CMS data dictionary for its definition.,https://www2.ccwdata.org/documents/10280/19022436/codebook-ffs-claims.pdf
carrier.zip,carrier,CARR_CLM_ENTRY_CD,carr_clm_entry_cd,identifier_or_code,Source field retained; consult the CMS data dictionary for its definition.,https://www2.ccwdata.org/documents/10280/19022436/codebook-ffs-claims.pdf
carrier.zip,carrier,CLM_DISP_CD,clm_disp_cd,identifier_or_code,Source field retained; consult the CMS data dictionary for its definition.,https://www2.ccwdata.org/documents/10280/19022436/codebook-ffs-claims.pdf
carrier.zip,carrier,CARR_NUM,carr_num,text_or_category,Source field retained; consult the CMS data dictionary for its definition.,https://www2.ccwdata.org/documents/10280/19022436/codebook-ffs-claims.pdf
carrier.zip,carrier,CARR_CLM_PMT_DNL_CD,carr_clm_pmt_dnl_cd,identifier_or_code,Source field retained; consult the CMS data dictionary for its definition.,https://www2.ccwdata.org/documents/10280/19022436/codebook-ffs-claims.pdf
carrier.zip,carrier,CLM_PMT_AMT,clm_pmt_amt,numeric,Source field retained; consult the CMS data dictionary for its definition.,https://www2.ccwdata.org/documents/10280/19022436/codebook-ffs-claims.pdf
carrier.zip,carrier,CARR_CLM_PRMRY_PYR_PD_AMT,carr_clm_prmry_pyr_pd_amt,numeric,Source field retained; consult the CMS data dictionary for its definition.,https://www2.ccwdata.org/documents/10280/19022436/codebook-ffs-claims.pdf
carrier.zip,carrier,RFR_PHYSN_UPIN,rfr_physn_upin,text_or_category,Source field retained; consult the CMS data dictionary for its definition.,https://www2.ccwdata.org/documents/10280/19022436/codebook-ffs-claims.pdf
carrier.zip,carrier,RFR_PHYSN_NPI,rfr_physn_npi,identifier_or_code,Source field retained; consult the CMS data dictionary for its definition.,https://www2.ccwdata.org/documents/10280/19022436/codebook-ffs-claims.pdf
carrier.zip,carrier,CARR_CLM_PRVDR_ASGNMT_IND_SW,carr_clm_prvdr_asgnmt_ind_sw,text_or_category,Source field retained; consult the CMS data dictionary for its definition.,https://www2.ccwdata.org/documents/10280/19022436/codebook-ffs-claims.pdf
carrier.zip,carrier,NCH_CLM_PRVDR_PMT_AMT,nch_clm_prvdr_pmt_amt,numeric,Source field retained; consult the CMS data dictionary for its definition.,https://www2.ccwdata.org/documents/10280/19022436/codebook-ffs-claims.pdf
carrier.zip,carrier,NCH_CLM_BENE_PMT_AMT,nch_clm_bene_pmt_amt,numeric,Source field retained; consult the CMS data dictionary for its definition.,https://www2.ccwdata.org/documents/10280/19022436/codebook-ffs-claims.pdf
carrier.zip,carrier,NCH_CARR_CLM_SBMTD_CHRG_AMT,nch_carr_clm_sbmtd_chrg_amt,numeric,Source field retained; consult the CMS data dictionary for its definition.,https://www2.ccwdata.org/documents/10280/19022436/codebook-ffs-claims.pdf
carrier.zip,carrier,NCH_CARR_CLM_ALOWD_AMT,nch_carr_clm_alowd_amt,numeric,Source field retained; consult the CMS data dictionary for its definition.,https://www2.ccwdata.org/documents/10280/19022436/codebook-ffs-claims.pdf
carrier.zip,carrier,CARR_CLM_CASH_DDCTBL_APLD_AMT,carr_clm_cash_ddctbl_apld_amt,numeric,Source field retained; consult the CMS data dictionary for its definition.,https://www2.ccwdata.org/documents/10280/19022436/codebook-ffs-claims.pdf
carrier.zip,carrier,CARR_CLM_HCPCS_YR_CD,carr_clm_hcpcs_yr_cd,identifier_or_code,Source field retained; consult the CMS data dictionary for its definition.,https://www2.ccwdata.org/documents/10280/19022436/codebook-ffs-claims.pdf
carrier.zip,carrier,CARR_CLM_RFRNG_PIN_NUM,carr_clm_rfrng_pin_num,text_or_category,Source field retained; consult the CMS data dictionary for its definition.,https://www2.ccwdata.org/documents/10280/19022436/codebook-ffs-claims.pdf
carrier.zip,carrier,PRNCPAL_DGNS_CD,prncpal_dgns_cd,identifier_or_code,Source field retained; consult the CMS data dictionary for its definition.,https://www2.ccwdata.org/documents/10280/19022436/codebook-ffs-claims.pdf
carrier.zip,carrier,PRNCPAL_DGNS_VRSN_CD,prncpal_dgns_vrsn_cd,identifier_or_code,Source field retained; consult the CMS data dictionary for its definition.,https://www2.ccwdata.org/documents/10280/19022436/codebook-ffs-claims.pdf
carrier.zip,carrier,ICD_DGNS_CD1,diagnosis_code_1,identifier_or_code,Numbered diagnosis code from the source claim.,https://www2.ccwdata.org/documents/10280/19022436/codebook-ffs-claims.pdf
carrier.zip,carrier,ICD_DGNS_VRSN_CD1,icd_dgns_vrsn_cd1,text_or_category,Source field retained; consult the CMS data dictionary for its definition.,https://www2.ccwdata.org/documents/10280/19022436/codebook-ffs-claims.pdf
carrier.zip,carrier,ICD_DGNS_CD2,diagnosis_code_2,identifier_or_code,Numbered diagnosis code from the source claim.,https://www2.ccwdata.org/documents/10280/19022436/codebook-ffs-claims.pdf
carrier.zip,carrier,ICD_DGNS_VRSN_CD2,icd_dgns_vrsn_cd2,text_or_category,Source field retained; consult the CMS data dictionary for its definition.,https://www2.ccwdata.org/documents/10280/19022436/codebook-ffs-claims.pdf
carrier.zip,carrier,ICD_DGNS_CD3,diagnosis_code_3,identifier_or_code,Numbered diagnosis code from the source claim.,https://www2.ccwdata.org/documents/10280/19022436/codebook-ffs-claims.pdf
carrier.zip,carrier,ICD_DGNS_VRSN_CD3,icd_dgns_vrsn_cd3,text_or_category,Source field retained; consult the CMS data dictionary for its definition.,https://www2.ccwdata.org/documents/10280/19022436/codebook-ffs-claims.pdf
carrier.zip,carrier,ICD_DGNS_CD4,diagnosis_code_4,identifier_or_code,Numbered diagnosis code from the source claim.,https://www2.ccwdata.org/documents/10280/19022436/codebook-ffs-claims.pdf
carrier.zip,carrier,ICD_DGNS_VRSN_CD4,icd_dgns_vrsn_cd4,text_or_category,Source field retained; consult the CMS data dictionary for its definition.,https://www2.ccwdata.org/documents/10280/19022436/codebook-ffs-claims.pdf
carrier.zip,carrier,ICD_DGNS_CD5,diagnosis_code_5,identifier_or_code,Numbered diagnosis code from the source claim.,https://www2.ccwdata.org/documents/10280/19022436/codebook-ffs-claims.pdf
carrier.zip,carrier,ICD_DGNS_VRSN_CD5,icd_dgns_vrsn_cd5,text_or_category,Source field retained; consult the CMS data dictionary for its definition.,https://www2.ccwdata.org/documents/10280/19022436/codebook-ffs-claims.pdf
carrier.zip,carrier,ICD_DGNS_CD6,diagnosis_code_6,identifier_or_code,Numbered diagnosis code from the source claim.,https://www2.ccwdata.org/documents/10280/19022436/codebook-ffs-claims.pdf
carrier.zip,carrier,ICD_DGNS_VRSN_CD6,icd_dgns_vrsn_cd6,text_or_category,Source field retained; consult the CMS data dictionary for its definition.,https://www2.ccwdata.org/documents/10280/19022436/codebook-ffs-claims.pdf
carrier.zip,carrier,ICD_DGNS_CD7,diagnosis_code_7,identifier_or_code,Numbered diagnosis code from the source claim.,https://www2.ccwdata.org/documents/10280/19022436/codebook-ffs-claims.pdf
carrier.zip,carrier,ICD_DGNS_VRSN_CD7,icd_dgns_vrsn_cd7,text_or_category,Source field retained; consult the CMS data dictionary for its definition.,https://www2.ccwdata.org/documents/10280/19022436/codebook-ffs-claims.pdf
carrier.zip,carrier,ICD_DGNS_CD8,diagnosis_code_8,identifier_or_code,Numbered diagnosis code from the source claim.,https://www2.ccwdata.org/documents/10280/19022436/codebook-ffs-claims.pdf
carrier.zip,carrier,ICD_DGNS_VRSN_CD8,icd_dgns_vrsn_cd8,text_or_category,Source field retained; consult the CMS data dictionary for its definition.,https://www2.ccwdata.org/documents/10280/19022436/codebook-ffs-claims.pdf
carrier.zip,carrier,ICD_DGNS_CD9,diagnosis_code_9,identifier_or_code,Numbered diagnosis code from the source claim.,https://www2.ccwdata.org/documents/10280/19022436/codebook-ffs-claims.pdf
carrier.zip,carrier,ICD_DGNS_VRSN_CD9,icd_dgns_vrsn_cd9,text_or_category,Source field retained; consult the CMS data dictionary for its definition.,https://www2.ccwdata.org/documents/10280/19022436/codebook-ffs-claims.pdf
carrier.zip,carrier,ICD_DGNS_CD10,diagnosis_code_10,identifier_or_code,Numbered diagnosis code from the source claim.,https://www2.ccwdata.org/documents/10280/19022436/codebook-ffs-claims.pdf
carrier.zip,carrier,ICD_DGNS_VRSN_CD10,icd_dgns_vrsn_cd10,text_or_category,Source field retained; consult the CMS data dictionary for its definition.,https://www2.ccwdata.org/documents/10280/19022436/codebook-ffs-claims.pdf
carrier.zip,carrier,ICD_DGNS_CD11,diagnosis_code_11,identifier_or_code,Numbered diagnosis code from the source claim.,https://www2.ccwdata.org/documents/10280/19022436/codebook-ffs-claims.pdf
carrier.zip,carrier,ICD_DGNS_VRSN_CD11,icd_dgns_vrsn_cd11,text_or_category,Source field retained; consult the CMS data dictionary for its definition.,https://www2.ccwdata.org/documents/10280/19022436/codebook-ffs-claims.pdf
carrier.zip,carrier,ICD_DGNS_CD12,diagnosis_code_12,identifier_or_code,Numbered diagnosis code from the source claim.,https://www2.ccwdata.org/documents/10280/19022436/codebook-ffs-claims.pdf
carrier.zip,carrier,ICD_DGNS_VRSN_CD12,icd_dgns_vrsn_cd12,text_or_category,Source field retained; consult the CMS data dictionary for its definition.,https://www2.ccwdata.org/documents/10280/19022436/codebook-ffs-claims.pdf
carrier.zip,carrier,CLM_CLNCL_TRIL_NUM,clm_clncl_tril_num,text_or_category,Source field retained; consult the CMS data dictionary for its definition.,https://www2.ccwdata.org/documents/10280/19022436/codebook-ffs-claims.pdf
carrier.zip,carrier,CARR_CLM_BLG_NPI_NUM,carr_clm_blg_npi_num,text_or_category,Source field retained; consult the CMS data dictionary for its definition.,https://www2.ccwdata.org/documents/10280/19022436/codebook-ffs-claims.pdf
carrier.zip,carrier,LINE_NUM,line_num,text_or_category,Source field retained; consult the CMS data dictionary for its definition.,https://www2.ccwdata.org/documents/10280/19022436/codebook-ffs-claims.pdf
carrier.zip,carrier,CARR_PRFRNG_PIN_NUM,carr_prfrng_pin_num,text_or_category,Source field retained; consult the CMS data dictionary for its definition.,https://www2.ccwdata.org/documents/10280/19022436/codebook-ffs-claims.pdf
carrier.zip,carrier,PRF_PHYSN_UPIN,prf_physn_upin,text_or_category,Source field retained; consult the CMS data dictionary for its definition.,https://www2.ccwdata.org/documents/10280/19022436/codebook-ffs-claims.pdf
carrier.zip,carrier,PRF_PHYSN_NPI,prf_physn_npi,identifier_or_code,Source field retained; consult the CMS data dictionary for its definition.,https://www2.ccwdata.org/documents/10280/19022436/codebook-ffs-claims.pdf
carrier.zip,carrier,ORG_NPI_NUM,org_npi_num,text_or_category,Source field retained; consult the CMS data dictionary for its definition.,https://www2.ccwdata.org/documents/10280/19022436/codebook-ffs-claims.pdf
carrier.zip,carrier,CARR_LINE_PRVDR_TYPE_CD,carr_line_prvdr_type_cd,identifier_or_code,Source field retained; consult the CMS data dictionary for its definition.,https://www2.ccwdata.org/documents/10280/19022436/codebook-ffs-claims.pdf
carrier.zip,carrier,TAX_NUM,tax_num,text_or_category,Source field retained; consult the CMS data dictionary for its definition.,https://www2.ccwdata.org/documents/10280/19022436/codebook-ffs-claims.pdf
carrier.zip,carrier,PRVDR_STATE_CD,prvdr_state_cd,identifier_or_code,Source field retained; consult the CMS data dictionary for its definition.,https://www2.ccwdata.org/documents/10280/19022436/codebook-ffs-claims.pdf
carrier.zip,carrier,PRVDR_ZIP,prvdr_zip,text_or_category,Source field retained; consult the CMS data dictionary for its definition.,https://www2.ccwdata.org/documents/10280/19022436/codebook-ffs-claims.pdf
carrier.zip,carrier,PRVDR_SPCLTY,prvdr_spclty,text_or_category,Source field retained; consult the CMS data dictionary for its definition.,https://www2.ccwdata.org/documents/10280/19022436/codebook-ffs-claims.pdf
carrier.zip,carrier,PRTCPTNG_IND_CD,prtcptng_ind_cd,identifier_or_code,Source field retained; consult the CMS data dictionary for its definition.,https://www2.ccwdata.org/documents/10280/19022436/codebook-ffs-claims.pdf
carrier.zip,carrier,CARR_LINE_RDCD_PMT_PHYS_ASTN_C,carr_line_rdcd_pmt_phys_astn_c,text_or_category,Source field retained; consult the CMS data dictionary for its definition.,https://www2.ccwdata.org/documents/10280/19022436/codebook-ffs-claims.pdf
carrier.zip,carrier,LINE_SRVC_CNT,line_srvc_cnt,numeric,Source field retained; consult the CMS data dictionary for its definition.,https://www2.ccwdata.org/documents/10280/19022436/codebook-ffs-claims.pdf
carrier.zip,carrier,LINE_CMS_TYPE_SRVC_CD,line_cms_type_srvc_cd,identifier_or_code,Source field retained; consult the CMS data dictionary for its definition.,https://www2.ccwdata.org/documents/10280/19022436/codebook-ffs-claims.pdf
carrier.zip,carrier,LINE_PLACE_OF_SRVC_CD,line_place_of_srvc_cd,identifier_or_code,Source field retained; consult the CMS data dictionary for its definition.,https://www2.ccwdata.org/documents/10280/19022436/codebook-ffs-claims.pdf
carrier.zip,carrier,CARR_LINE_PRCNG_LCLTY_CD,carr_line_prcng_lclty_cd,identifier_or_code,Source field retained; consult the CMS data dictionary for its definition.,https://www2.ccwdata.org/documents/10280/19022436/codebook-ffs-claims.pdf
carrier.zip,carrier,LINE_1ST_EXPNS_DT,line_1st_expns_dt,date,Source field retained; consult the CMS data dictionary for its definition.,https://www2.ccwdata.org/documents/10280/19022436/codebook-ffs-claims.pdf
carrier.zip,carrier,LINE_LAST_EXPNS_DT,line_last_expns_dt,date,Source field retained; consult the CMS data dictionary for its definition.,https://www2.ccwdata.org/documents/10280/19022436/codebook-ffs-claims.pdf
carrier.zip,carrier,HCPCS_CD,hcpcs_cd,identifier_or_code,Source field retained; consult the CMS data dictionary for its definition.,https://www2.ccwdata.org/documents/10280/19022436/codebook-ffs-claims.pdf
carrier.zip,carrier,HCPCS_1ST_MDFR_CD,hcpcs_1st_mdfr_cd,identifier_or_code,Source field retained; consult the CMS data dictionary for its definition.,https://www2.ccwdata.org/documents/10280/19022436/codebook-ffs-claims.pdf
carrier.zip,carrier,HCPCS_2ND_MDFR_CD,hcpcs_2nd_mdfr_cd,identifier_or_code,Source field retained; consult the CMS data dictionary for its definition.,https://www2.ccwdata.org/documents/10280/19022436/codebook-ffs-claims.pdf
carrier.zip,carrier,BETOS_CD,betos_cd,identifier_or_code,Source field retained; consult the CMS data dictionary for its definition.,https://www2.ccwdata.org/documents/10280/19022436/codebook-ffs-claims.pdf
carrier.zip,carrier,LINE_NCH_PMT_AMT,line_nch_pmt_amt,numeric,Source field retained; consult the CMS data dictionary for its definition.,https://www2.ccwdata.org/documents/10280/19022436/codebook-ffs-claims.pdf
carrier.zip,carrier,LINE_BENE_PMT_AMT,line_bene_pmt_amt,numeric,Source field retained; consult the CMS data dictionary for its definition.,https://www2.ccwdata.org/documents/10280/19022436/codebook-ffs-claims.pdf
carrier.zip,carrier,LINE_PRVDR_PMT_AMT,line_prvdr_pmt_amt,numeric,Source field retained; consult the CMS data dictionary for its definition.,https://www2.ccwdata.org/documents/10280/19022436/codebook-ffs-claims.pdf
carrier.zip,carrier,LINE_BENE_PTB_DDCTBL_AMT,line_bene_ptb_ddctbl_amt,numeric,Source field retained; consult the CMS data dictionary for its definition.,https://www2.ccwdata.org/documents/10280/19022436/codebook-ffs-claims.pdf
carrier.zip,carrier,LINE_BENE_PRMRY_PYR_CD,line_bene_prmry_pyr_cd,identifier_or_code,Source field retained; consult the CMS data dictionary for its definition.,https://www2.ccwdata.org/documents/10280/19022436/codebook-ffs-claims.pdf
carrier.zip,carrier,LINE_BENE_PRMRY_PYR_PD_AMT,line_bene_prmry_pyr_pd_amt,numeric,Source field retained; consult the CMS data dictionary for its definition.,https://www2.ccwdata.org/documents/10280/19022436/codebook-ffs-claims.pdf
carrier.zip,carrier,LINE_COINSRNC_AMT,line_coinsrnc_amt,numeric,Source field retained; consult the CMS data dictionary for its definition.,https://www2.ccwdata.org/documents/10280/19022436/codebook-ffs-claims.pdf
carrier.zip,carrier,LINE_SBMTD_CHRG_AMT,line_sbmtd_chrg_amt,numeric,Source field retained; consult the CMS data dictionary for its definition.,https://www2.ccwdata.org/documents/10280/19022436/codebook-ffs-claims.pdf
carrier.zip,carrier,LINE_ALOWD_CHRG_AMT,line_alowd_chrg_amt,numeric,Source field retained; consult the CMS data dictionary for its definition.,https://www2.ccwdata.org/documents/10280/19022436/codebook-ffs-claims.pdf
carrier.zip,carrier,LINE_PRCSG_IND_CD,line_prcsg_ind_cd,identifier_or_code,Source field retained; consult the CMS data dictionary for its definition.,https://www2.ccwdata.org/documents/10280/19022436/codebook-ffs-claims.pdf
carrier.zip,carrier,LINE_PMT_80_100_CD,line_pmt_80_100_cd,identifier_or_code,Source field retained; consult the CMS data dictionary for its definition.,https://www2.ccwdata.org/documents/10280/19022436/codebook-ffs-claims.pdf
carrier.zip,carrier,LINE_SERVICE_DEDUCTIBLE,line_service_deductible,text_or_category,Source field retained; consult the CMS data dictionary for its definition.,https://www2.ccwdata.org/documents/10280/19022436/codebook-ffs-claims.pdf
carrier.zip,carrier,CARR_LINE_MTUS_CNT,carr_line_mtus_cnt,numeric,Source field retained; consult the CMS data dictionary for its definition.,https://www2.ccwdata.org/documents/10280/19022436/codebook-ffs-claims.pdf
carrier.zip,carrier,CARR_LINE_MTUS_CD,carr_line_mtus_cd,identifier_or_code,Source field retained; consult the CMS data dictionary for its definition.,https://www2.ccwdata.org/documents/10280/19022436/codebook-ffs-claims.pdf
carrier.zip,carrier,LINE_ICD_DGNS_CD,line_icd_dgns_cd,identifier_or_code,Source field retained; consult the CMS data dictionary for its definition.,https://www2.ccwdata.org/documents/10280/19022436/codebook-ffs-claims.pdf
carrier.zip,carrier,LINE_ICD_DGNS_VRSN_CD,line_icd_dgns_vrsn_cd,identifier_or_code,Source field retained; consult the CMS data dictionary for its definition.,https://www2.ccwdata.org/documents/10280/19022436/codebook-ffs-claims.pdf
carrier.zip,carrier,HPSA_SCRCTY_IND_CD,hpsa_scrcty_ind_cd,identifier_or_code,Source field retained; consult the CMS data dictionary for its definition.,https://www2.ccwdata.org/documents/10280/19022436/codebook-ffs-claims.pdf
carrier.zip,carrier,CARR_LINE_RX_NUM,carr_line_rx_num,text_or_category,Source field retained; consult the CMS data dictionary for its definition.,https://www2.ccwdata.org/documents/10280/19022436/codebook-ffs-claims.pdf
carrier.zip,carrier,LINE_HCT_HGB_RSLT_NUM,line_hct_hgb_rslt_num,text_or_category,Source field retained; consult the CMS data dictionary for its definition.,https://www2.ccwdata.org/documents/10280/19022436/codebook-ffs-claims.pdf
carrier.zip,carrier,LINE_HCT_HGB_TYPE_CD,line_hct_hgb_type_cd,identifier_or_code,Source field retained; consult the CMS data dictionary for its definition.,https://www2.ccwdata.org/documents/10280/19022436/codebook-ffs-claims.pdf
carrier.zip,carrier,LINE_NDC_CD,line_ndc_cd,identifier_or_code,Source field retained; consult the CMS data dictionary for its definition.,https://www2.ccwdata.org/documents/10280/19022436/codebook-ffs-claims.pdf
carrier.zip,carrier,CARR_LINE_CLIA_LAB_NUM,carr_line_clia_lab_num,text_or_category,Source field retained; consult the CMS data dictionary for its definition.,https://www2.ccwdata.org/documents/10280/19022436/codebook-ffs-claims.pdf
carrier.zip,carrier,CARR_LINE_ANSTHSA_UNIT_CNT,carr_line_ansthsa_unit_cnt,numeric,Source field retained; consult the CMS data dictionary for its definition.,https://www2.ccwdata.org/documents/10280/19022436/codebook-ffs-claims.pdf
outpatient.zip,outpatient,BENE_ID,bene_id,identifier_or_code,CMS synthetic beneficiary identifier; preserved as text.,https://www2.ccwdata.org/documents/10280/19022436/codebook-ffs-claims.pdf
outpatient.zip,outpatient,CLM_ID,clm_id,identifier_or_code,Source field retained; consult the CMS data dictionary for its definition.,https://www2.ccwdata.org/documents/10280/19022436/codebook-ffs-claims.pdf
outpatient.zip,outpatient,NCH_NEAR_LINE_REC_IDENT_CD,nch_near_line_rec_ident_cd,identifier_or_code,Source field retained; consult the CMS data dictionary for its definition.,https://www2.ccwdata.org/documents/10280/19022436/codebook-ffs-claims.pdf
outpatient.zip,outpatient,NCH_CLM_TYPE_CD,nch_clm_type_cd,identifier_or_code,Source field retained; consult the CMS data dictionary for its definition.,https://www2.ccwdata.org/documents/10280/19022436/codebook-ffs-claims.pdf
outpatient.zip,outpatient,CLM_FROM_DT,clm_from_dt,date,Source field retained; consult the CMS data dictionary for its definition.,https://www2.ccwdata.org/documents/10280/19022436/codebook-ffs-claims.pdf
outpatient.zip,outpatient,CLM_THRU_DT,clm_thru_dt,date,Source field retained; consult the CMS data dictionary for its definition.,https://www2.ccwdata.org/documents/10280/19022436/codebook-ffs-claims.pdf
outpatient.zip,outpatient,NCH_WKLY_PROC_DT,nch_wkly_proc_dt,date,Source field retained; consult the CMS data dictionary for its definition.,https://www2.ccwdata.org/documents/10280/19022436/codebook-ffs-claims.pdf
outpatient.zip,outpatient,FI_CLM_PROC_DT,fi_clm_proc_dt,date,Source field retained; consult the CMS data dictionary for its definition.,https://www2.ccwdata.org/documents/10280/19022436/codebook-ffs-claims.pdf
outpatient.zip,outpatient,CLAIM_QUERY_CODE,claim_query_code,text_or_category,Source field retained; consult the CMS data dictionary for its definition.,https://www2.ccwdata.org/documents/10280/19022436/codebook-ffs-claims.pdf
outpatient.zip,outpatient,PRVDR_NUM,prvdr_num,text_or_category,Source field retained; consult the CMS data dictionary for its definition.,https://www2.ccwdata.org/documents/10280/19022436/codebook-ffs-claims.pdf
outpatient.zip,outpatient,CLM_FAC_TYPE_CD,clm_fac_type_cd,identifier_or_code,Source field retained; consult the CMS data dictionary for its definition.,https://www2.ccwdata.org/documents/10280/19022436/codebook-ffs-claims.pdf
outpatient.zip,outpatient,CLM_SRVC_CLSFCTN_TYPE_CD,clm_srvc_clsfctn_type_cd,identifier_or_code,Source field retained; consult the CMS data dictionary for its definition.,https://www2.ccwdata.org/documents/10280/19022436/codebook-ffs-claims.pdf
outpatient.zip,outpatient,CLM_FREQ_CD,clm_freq_cd,identifier_or_code,Source field retained; consult the CMS data dictionary for its definition.,https://www2.ccwdata.org/documents/10280/19022436/codebook-ffs-claims.pdf
outpatient.zip,outpatient,FI_NUM,fi_num,text_or_category,Source field retained; consult the CMS data dictionary for its definition.,https://www2.ccwdata.org/documents/10280/19022436/codebook-ffs-claims.pdf
outpatient.zip,outpatient,CLM_MDCR_NON_PMT_RSN_CD,clm_mdcr_non_pmt_rsn_cd,identifier_or_code,Source field retained; consult the CMS data dictionary for its definition.,https://www2.ccwdata.org/documents/10280/19022436/codebook-ffs-claims.pdf
outpatient.zip,outpatient,CLM_PMT_AMT,clm_pmt_amt,numeric,Source field retained; consult the CMS data dictionary for its definition.,https://www2.ccwdata.org/documents/10280/19022436/codebook-ffs-claims.pdf
outpatient.zip,outpatient,NCH_PRMRY_PYR_CLM_PD_AMT,nch_prmry_pyr_clm_pd_amt,numeric,Source field retained; consult the CMS data dictionary for its definition.,https://www2.ccwdata.org/documents/10280/19022436/codebook-ffs-claims.pdf
outpatient.zip,outpatient,NCH_PRMRY_PYR_CD,nch_prmry_pyr_cd,identifier_or_code,Source field retained; consult the CMS data dictionary for its definition.,https://www2.ccwdata.org/documents/10280/19022436/codebook-ffs-claims.pdf
outpatient.zip,outpatient,PRVDR_STATE_CD,prvdr_state_cd,identifier_or_code,Source field retained; consult the CMS data dictionary for its definition.,https://www2.ccwdata.org/documents/10280/19022436/codebook-ffs-claims.pdf
outpatient.zip,outpatient,ORG_NPI_NUM,org_npi_num,text_or_category,Source field retained; consult the CMS data dictionary for its definition.,https://www2.ccwdata.org/documents/10280/19022436/codebook-ffs-claims.pdf
outpatient.zip,outpatient,AT_PHYSN_UPIN,at_physn_upin,text_or_category,Source field retained; consult the CMS data dictionary for its definition.,https://www2.ccwdata.org/documents/10280/19022436/codebook-ffs-claims.pdf
outpatient.zip,outpatient,AT_PHYSN_NPI,at_physn_npi,identifier_or_code,Source field retained; consult the CMS data dictionary for its definition.,https://www2.ccwdata.org/documents/10280/19022436/codebook-ffs-claims.pdf
outpatient.zip,outpatient,OP_PHYSN_UPIN,op_physn_upin,text_or_category,Source field retained; consult the CMS data dictionary for its definition.,https://www2.ccwdata.org/documents/10280/19022436/codebook-ffs-claims.pdf
outpatient.zip,outpatient,OP_PHYSN_NPI,op_physn_npi,identifier_or_code,Source field retained; consult the CMS data dictionary for its definition.,https://www2.ccwdata.org/documents/10280/19022436/codebook-ffs-claims.pdf
outpatient.zip,outpatient,OT_PHYSN_UPIN,ot_physn_upin,text_or_category,Source field retained; consult the CMS data dictionary for its definition.,https://www2.ccwdata.org/documents/10280/19022436/codebook-ffs-claims.pdf
outpatient.zip,outpatient,OT_PHYSN_NPI,ot_physn_npi,identifier_or_code,Source field retained; consult the CMS data dictionary for its definition.,https://www2.ccwdata.org/documents/10280/19022436/codebook-ffs-claims.pdf
outpatient.zip,outpatient,CLM_MCO_PD_SW,clm_mco_pd_sw,text_or_category,Source field retained; consult the CMS data dictionary for its definition.,https://www2.ccwdata.org/documents/10280/19022436/codebook-ffs-claims.pdf
outpatient.zip,outpatient,PTNT_DSCHRG_STUS_CD,ptnt_dschrg_stus_cd,identifier_or_code,Source field retained; consult the CMS data dictionary for its definition.,https://www2.ccwdata.org/documents/10280/19022436/codebook-ffs-claims.pdf
outpatient.zip,outpatient,CLM_TOT_CHRG_AMT,clm_tot_chrg_amt,numeric,Source field retained; consult the CMS data dictionary for its definition.,https://www2.ccwdata.org/documents/10280/19022436/codebook-ffs-claims.pdf
outpatient.zip,outpatient,NCH_BENE_BLOOD_DDCTBL_LBLTY_AM,nch_bene_blood_ddctbl_lblty_am,text_or_category,Source field retained; consult the CMS data dictionary for its definition.,https://www2.ccwdata.org/documents/10280/19022436/codebook-ffs-claims.pdf
outpatient.zip,outpatient,NCH_PROFNL_CMPNT_CHRG_AMT,nch_profnl_cmpnt_chrg_amt,numeric,Source field retained; consult the CMS data dictionary for its definition.,https://www2.ccwdata.org/documents/10280/19022436/codebook-ffs-claims.pdf
outpatient.zip,outpatient,PRNCPAL_DGNS_CD,prncpal_dgns_cd,identifier_or_code,Source field retained; consult the CMS data dictionary for its definition.,https://www2.ccwdata.org/documents/10280/19022436/codebook-ffs-claims.pdf
outpatient.zip,outpatient,ICD_DGNS_CD1,diagnosis_code_1,identifier_or_code,Numbered diagnosis code from the source claim.,https://www2.ccwdata.org/documents/10280/19022436/codebook-ffs-claims.pdf
outpatient.zip,outpatient,ICD_DGNS_CD2,diagnosis_code_2,identifier_or_code,Numbered diagnosis code from the source claim.,https://www2.ccwdata.org/documents/10280/19022436/codebook-ffs-claims.pdf
outpatient.zip,outpatient,ICD_DGNS_CD3,diagnosis_code_3,identifier_or_code,Numbered diagnosis code from the source claim.,https://www2.ccwdata.org/documents/10280/19022436/codebook-ffs-claims.pdf
outpatient.zip,outpatient,ICD_DGNS_CD4,diagnosis_code_4,identifier_or_code,Numbered diagnosis code from the source claim.,https://www2.ccwdata.org/documents/10280/19022436/codebook-ffs-claims.pdf
outpatient.zip,outpatient,ICD_DGNS_CD5,diagnosis_code_5,identifier_or_code,Numbered diagnosis code from the source claim.,https://www2.ccwdata.org/documents/10280/19022436/codebook-ffs-claims.pdf
outpatient.zip,outpatient,ICD_DGNS_CD6,diagnosis_code_6,identifier_or_code,Numbered diagnosis code from the source claim.,https://www2.ccwdata.org/documents/10280/19022436/codebook-ffs-claims.pdf
outpatient.zip,outpatient,ICD_DGNS_CD7,diagnosis_code_7,identifier_or_code,Numbered diagnosis code from the source claim.,https://www2.ccwdata.org/documents/10280/19022436/codebook-ffs-claims.pdf
outpatient.zip,outpatient,ICD_DGNS_CD8,diagnosis_code_8,identifier_or_code,Numbered diagnosis code from the source claim.,https://www2.ccwdata.org/documents/10280/19022436/codebook-ffs-claims.pdf
outpatient.zip,outpatient,ICD_DGNS_CD9,diagnosis_code_9,identifier_or_code,Numbered diagnosis code from the source claim.,https://www2.ccwdata.org/documents/10280/19022436/codebook-ffs-claims.pdf
outpatient.zip,outpatient,ICD_DGNS_CD10,diagnosis_code_10,identifier_or_code,Numbered diagnosis code from the source claim.,https://www2.ccwdata.org/documents/10280/19022436/codebook-ffs-claims.pdf
outpatient.zip,outpatient,ICD_DGNS_CD11,diagnosis_code_11,identifier_or_code,Numbered diagnosis code from the source claim.,https://www2.ccwdata.org/documents/10280/19022436/codebook-ffs-claims.pdf
outpatient.zip,outpatient,ICD_DGNS_CD12,diagnosis_code_12,identifier_or_code,Numbered diagnosis code from the source claim.,https://www2.ccwdata.org/documents/10280/19022436/codebook-ffs-claims.pdf
outpatient.zip,outpatient,ICD_DGNS_CD13,diagnosis_code_13,identifier_or_code,Numbered diagnosis code from the source claim.,https://www2.ccwdata.org/documents/10280/19022436/codebook-ffs-claims.pdf
outpatient.zip,outpatient,ICD_DGNS_CD14,diagnosis_code_14,identifier_or_code,Numbered diagnosis code from the source claim.,https://www2.ccwdata.org/documents/10280/19022436/codebook-ffs-claims.pdf
outpatient.zip,outpatient,ICD_DGNS_CD15,diagnosis_code_15,identifier_or_code,Numbered diagnosis code from the source claim.,https://www2.ccwdata.org/documents/10280/19022436/codebook-ffs-claims.pdf
outpatient.zip,outpatient,ICD_DGNS_CD16,diagnosis_code_16,identifier_or_code,Numbered diagnosis code from the source claim.,https://www2.ccwdata.org/documents/10280/19022436/codebook-ffs-claims.pdf
outpatient.zip,outpatient,ICD_DGNS_CD17,diagnosis_code_17,identifier_or_code,Numbered diagnosis code from the source claim.,https://www2.ccwdata.org/documents/10280/19022436/codebook-ffs-claims.pdf
outpatient.zip,outpatient,ICD_DGNS_CD18,diagnosis_code_18,identifier_or_code,Numbered diagnosis code from the source claim.,https://www2.ccwdata.org/documents/10280/19022436/codebook-ffs-claims.pdf
outpatient.zip,outpatient,ICD_DGNS_CD19,diagnosis_code_19,identifier_or_code,Numbered diagnosis code from the source claim.,https://www2.ccwdata.org/documents/10280/19022436/codebook-ffs-claims.pdf
outpatient.zip,outpatient,ICD_DGNS_CD20,diagnosis_code_20,identifier_or_code,Numbered diagnosis code from the source claim.,https://www2.ccwdata.org/documents/10280/19022436/codebook-ffs-claims.pdf
outpatient.zip,outpatient,ICD_DGNS_CD21,diagnosis_code_21,identifier_or_code,Numbered diagnosis code from the source claim.,https://www2.ccwdata.org/documents/10280/19022436/codebook-ffs-claims.pdf
outpatient.zip,outpatient,ICD_DGNS_CD22,diagnosis_code_22,identifier_or_code,Numbered diagnosis code from the source claim.,https://www2.ccwdata.org/documents/10280/19022436/codebook-ffs-claims.pdf
outpatient.zip,outpatient,ICD_DGNS_CD23,diagnosis_code_23,identifier_or_code,Numbered diagnosis code from the source claim.,https://www2.ccwdata.org/documents/10280/19022436/codebook-ffs-claims.pdf
outpatient.zip,outpatient,ICD_DGNS_CD24,diagnosis_code_24,identifier_or_code,Numbered diagnosis code from the source claim.,https://www2.ccwdata.org/documents/10280/19022436/codebook-ffs-claims.pdf
outpatient.zip,outpatient,ICD_DGNS_CD25,diagnosis_code_25,identifier_or_code,Numbered diagnosis code from the source claim.,https://www2.ccwdata.org/documents/10280/19022436/codebook-ffs-claims.pdf
outpatient.zip,outpatient,FST_DGNS_E_CD,fst_dgns_e_cd,identifier_or_code,Source field retained; consult the CMS data dictionary for its definition.,https://www2.ccwdata.org/documents/10280/19022436/codebook-ffs-claims.pdf
outpatient.zip,outpatient,ICD_DGNS_E_CD1,icd_dgns_e_cd1,text_or_category,Source field retained; consult the CMS data dictionary for its definition.,https://www2.ccwdata.org/documents/10280/19022436/codebook-ffs-claims.pdf
outpatient.zip,outpatient,ICD_DGNS_E_CD2,icd_dgns_e_cd2,text_or_category,Source field retained; consult the CMS data dictionary for its definition.,https://www2.ccwdata.org/documents/10280/19022436/codebook-ffs-claims.pdf
outpatient.zip,outpatient,ICD_DGNS_E_CD3,icd_dgns_e_cd3,text_or_category,Source field retained; consult the CMS data dictionary for its definition.,https://www2.ccwdata.org/documents/10280/19022436/codebook-ffs-claims.pdf
outpatient.zip,outpatient,ICD_DGNS_E_CD4,icd_dgns_e_cd4,text_or_category,Source field retained; consult the CMS data dictionary for its definition.,https://www2.ccwdata.org/documents/10280/19022436/codebook-ffs-claims.pdf
outpatient.zip,outpatient,ICD_DGNS_E_CD5,icd_dgns_e_cd5,text_or_category,Source field retained; consult the CMS data dictionary for its definition.,https://www2.ccwdata.org/documents/10280/19022436/codebook-ffs-claims.pdf
outpatient.zip,outpatient,ICD_DGNS_E_CD6,icd_dgns_e_cd6,text_or_category,Source field retained; consult the CMS data dictionary for its definition.,https://www2.ccwdata.org/documents/10280/19022436/codebook-ffs-claims.pdf
outpatient.zip,outpatient,ICD_DGNS_E_CD7,icd_dgns_e_cd7,text_or_category,Source field retained; consult the CMS data dictionary for its definition.,https://www2.ccwdata.org/documents/10280/19022436/codebook-ffs-claims.pdf
outpatient.zip,outpatient,ICD_DGNS_E_CD8,icd_dgns_e_cd8,text_or_category,Source field retained; consult the CMS data dictionary for its definition.,https://www2.ccwdata.org/documents/10280/19022436/codebook-ffs-claims.pdf
outpatient.zip,outpatient,ICD_DGNS_E_CD9,icd_dgns_e_cd9,text_or_category,Source field retained; consult the CMS data dictionary for its definition.,https://www2.ccwdata.org/documents/10280/19022436/codebook-ffs-claims.pdf
outpatient.zip,outpatient,ICD_DGNS_E_CD10,icd_dgns_e_cd10,text_or_category,Source field retained; consult the CMS data dictionary for its definition.,https://www2.ccwdata.org/documents/10280/19022436/codebook-ffs-claims.pdf
outpatient.zip,outpatient,ICD_DGNS_E_CD11,icd_dgns_e_cd11,text_or_category,Source field retained; consult the CMS data dictionary for its definition.,https://www2.ccwdata.org/documents/10280/19022436/codebook-ffs-claims.pdf
outpatient.zip,outpatient,ICD_DGNS_E_CD12,icd_dgns_e_cd12,text_or_category,Source field retained; consult the CMS data dictionary for its definition.,https://www2.ccwdata.org/documents/10280/19022436/codebook-ffs-claims.pdf
outpatient.zip,outpatient,ICD_PRCDR_CD1,icd10_pcs_procedure_code_1,identifier_or_code,Numbered ICD-10-PCS procedure code from the source claim.,https://www2.ccwdata.org/documents/10280/19022436/codebook-ffs-claims.pdf
outpatient.zip,outpatient,PRCDR_DT1,prcdr_dt1,text_or_category,Source field retained; consult the CMS data dictionary for its definition.,https://www2.ccwdata.org/documents/10280/19022436/codebook-ffs-claims.pdf
outpatient.zip,outpatient,ICD_PRCDR_CD2,icd10_pcs_procedure_code_2,identifier_or_code,Numbered ICD-10-PCS procedure code from the source claim.,https://www2.ccwdata.org/documents/10280/19022436/codebook-ffs-claims.pdf
outpatient.zip,outpatient,PRCDR_DT2,prcdr_dt2,text_or_category,Source field retained; consult the CMS data dictionary for its definition.,https://www2.ccwdata.org/documents/10280/19022436/codebook-ffs-claims.pdf
outpatient.zip,outpatient,ICD_PRCDR_CD3,icd10_pcs_procedure_code_3,identifier_or_code,Numbered ICD-10-PCS procedure code from the source claim.,https://www2.ccwdata.org/documents/10280/19022436/codebook-ffs-claims.pdf
outpatient.zip,outpatient,PRCDR_DT3,prcdr_dt3,text_or_category,Source field retained; consult the CMS data dictionary for its definition.,https://www2.ccwdata.org/documents/10280/19022436/codebook-ffs-claims.pdf
outpatient.zip,outpatient,ICD_PRCDR_CD4,icd10_pcs_procedure_code_4,identifier_or_code,Numbered ICD-10-PCS procedure code from the source claim.,https://www2.ccwdata.org/documents/10280/19022436/codebook-ffs-claims.pdf
outpatient.zip,outpatient,PRCDR_DT4,prcdr_dt4,text_or_category,Source field retained; consult the CMS data dictionary for its definition.,https://www2.ccwdata.org/documents/10280/19022436/codebook-ffs-claims.pdf
outpatient.zip,outpatient,ICD_PRCDR_CD5,icd10_pcs_procedure_code_5,identifier_or_code,Numbered ICD-10-PCS procedure code from the source claim.,https://www2.ccwdata.org/documents/10280/19022436/codebook-ffs-claims.pdf
outpatient.zip,outpatient,PRCDR_DT5,prcdr_dt5,text_or_category,Source field retained; consult the CMS data dictionary for its definition.,https://www2.ccwdata.org/documents/10280/19022436/codebook-ffs-claims.pdf
outpatient.zip,outpatient,ICD_PRCDR_CD6,icd10_pcs_procedure_code_6,identifier_or_code,Numbered ICD-10-PCS procedure code from the source claim.,https://www2.ccwdata.org/documents/10280/19022436/codebook-ffs-claims.pdf
outpatient.zip,outpatient,PRCDR_DT6,prcdr_dt6,text_or_category,Source field retained; consult the CMS data dictionary for its definition.,https://www2.ccwdata.org/documents/10280/19022436/codebook-ffs-claims.pdf
outpatient.zip,outpatient,ICD_PRCDR_CD7,icd10_pcs_procedure_code_7,identifier_or_code,Numbered ICD-10-PCS procedure code from the source claim.,https://www2.ccwdata.org/documents/10280/19022436/codebook-ffs-claims.pdf
outpatient.zip,outpatient,PRCDR_DT7,prcdr_dt7,text_or_category,Source field retained; consult the CMS data dictionary for its definition.,https://www2.ccwdata.org/documents/10280/19022436/codebook-ffs-claims.pdf
outpatient.zip,outpatient,ICD_PRCDR_CD8,icd10_pcs_procedure_code_8,identifier_or_code,Numbered ICD-10-PCS procedure code from the source claim.,https://www2.ccwdata.org/documents/10280/19022436/codebook-ffs-claims.pdf
outpatient.zip,outpatient,PRCDR_DT8,prcdr_dt8,text_or_category,Source field retained; consult the CMS data dictionary for its definition.,https://www2.ccwdata.org/documents/10280/19022436/codebook-ffs-claims.pdf
outpatient.zip,outpatient,ICD_PRCDR_CD9,icd10_pcs_procedure_code_9,identifier_or_code,Numbered ICD-10-PCS procedure code from the source claim.,https://www2.ccwdata.org/documents/10280/19022436/codebook-ffs-claims.pdf
outpatient.zip,outpatient,PRCDR_DT9,prcdr_dt9,text_or_category,Source field retained; consult the CMS data dictionary for its definition.,https://www2.ccwdata.org/documents/10280/19022436/codebook-ffs-claims.pdf
outpatient.zip,outpatient,ICD_PRCDR_CD10,icd10_pcs_procedure_code_10,identifier_or_code,Numbered ICD-10-PCS procedure code from the source claim.,https://www2.ccwdata.org/documents/10280/19022436/codebook-ffs-claims.pdf
outpatient.zip,outpatient,PRCDR_DT10,prcdr_dt10,text_or_category,Source field retained; consult the CMS data dictionary for its definition.,https://www2.ccwdata.org/documents/10280/19022436/codebook-ffs-claims.pdf
outpatient.zip,outpatient,ICD_PRCDR_CD11,icd10_pcs_procedure_code_11,identifier_or_code,Numbered ICD-10-PCS procedure code from the source claim.,https://www2.ccwdata.org/documents/10280/19022436/codebook-ffs-claims.pdf
outpatient.zip,outpatient,PRCDR_DT11,prcdr_dt11,text_or_category,Source field retained; consult the CMS data dictionary for its definition.,https://www2.ccwdata.org/documents/10280/19022436/codebook-ffs-claims.pdf
outpatient.zip,outpatient,ICD_PRCDR_CD12,icd10_pcs_procedure_code_12,identifier_or_code,Numbered ICD-10-PCS procedure code from the source claim.,https://www2.ccwdata.org/documents/10280/19022436/codebook-ffs-claims.pdf
outpatient.zip,outpatient,PRCDR_DT12,prcdr_dt12,text_or_category,Source field retained; consult the CMS data dictionary for its definition.,https://www2.ccwdata.org/documents/10280/19022436/codebook-ffs-claims.pdf
outpatient.zip,outpatient,ICD_PRCDR_CD13,icd10_pcs_procedure_code_13,identifier_or_code,Numbered ICD-10-PCS procedure code from the source claim.,https://www2.ccwdata.org/documents/10280/19022436/codebook-ffs-claims.pdf
outpatient.zip,outpatient,PRCDR_DT13,prcdr_dt13,text_or_category,Source field retained; consult the CMS data dictionary for its definition.,https://www2.ccwdata.org/documents/10280/19022436/codebook-ffs-claims.pdf
outpatient.zip,outpatient,ICD_PRCDR_CD14,icd10_pcs_procedure_code_14,identifier_or_code,Numbered ICD-10-PCS procedure code from the source claim.,https://www2.ccwdata.org/documents/10280/19022436/codebook-ffs-claims.pdf
outpatient.zip,outpatient,PRCDR_DT14,prcdr_dt14,text_or_category,Source field retained; consult the CMS data dictionary for its definition.,https://www2.ccwdata.org/documents/10280/19022436/codebook-ffs-claims.pdf
outpatient.zip,outpatient,ICD_PRCDR_CD15,icd10_pcs_procedure_code_15,identifier_or_code,Numbered ICD-10-PCS procedure code from the source claim.,https://www2.ccwdata.org/documents/10280/19022436/codebook-ffs-claims.pdf
outpatient.zip,outpatient,PRCDR_DT15,prcdr_dt15,text_or_category,Source field retained; consult the CMS data dictionary for its definition.,https://www2.ccwdata.org/documents/10280/19022436/codebook-ffs-claims.pdf
outpatient.zip,outpatient,ICD_PRCDR_CD16,icd10_pcs_procedure_code_16,identifier_or_code,Numbered ICD-10-PCS procedure code from the source claim.,https://www2.ccwdata.org/documents/10280/19022436/codebook-ffs-claims.pdf
outpatient.zip,outpatient,PRCDR_DT16,prcdr_dt16,text_or_category,Source field retained; consult the CMS data dictionary for its definition.,https://www2.ccwdata.org/documents/10280/19022436/codebook-ffs-claims.pdf
outpatient.zip,outpatient,ICD_PRCDR_CD17,icd10_pcs_procedure_code_17,identifier_or_code,Numbered ICD-10-PCS procedure code from the source claim.,https://www2.ccwdata.org/documents/10280/19022436/codebook-ffs-claims.pdf
outpatient.zip,outpatient,PRCDR_DT17,prcdr_dt17,text_or_category,Source field retained; consult the CMS data dictionary for its definition.,https://www2.ccwdata.org/documents/10280/19022436/codebook-ffs-claims.pdf
outpatient.zip,outpatient,ICD_PRCDR_CD18,icd10_pcs_procedure_code_18,identifier_or_code,Numbered ICD-10-PCS procedure code from the source claim.,https://www2.ccwdata.org/documents/10280/19022436/codebook-ffs-claims.pdf
outpatient.zip,outpatient,PRCDR_DT18,prcdr_dt18,text_or_category,Source field retained; consult the CMS data dictionary for its definition.,https://www2.ccwdata.org/documents/10280/19022436/codebook-ffs-claims.pdf
outpatient.zip,outpatient,ICD_PRCDR_CD19,icd10_pcs_procedure_code_19,identifier_or_code,Numbered ICD-10-PCS procedure code from the source claim.,https://www2.ccwdata.org/documents/10280/19022436/codebook-ffs-claims.pdf
outpatient.zip,outpatient,PRCDR_DT19,prcdr_dt19,text_or_category,Source field retained; consult the CMS data dictionary for its definition.,https://www2.ccwdata.org/documents/10280/19022436/codebook-ffs-claims.pdf
outpatient.zip,outpatient,ICD_PRCDR_CD20,icd10_pcs_procedure_code_20,identifier_or_code,Numbered ICD-10-PCS procedure code from the source claim.,https://www2.ccwdata.org/documents/10280/19022436/codebook-ffs-claims.pdf
outpatient.zip,outpatient,PRCDR_DT20,prcdr_dt20,text_or_category,Source field retained; consult the CMS data dictionary for its definition.,https://www2.ccwdata.org/documents/10280/19022436/codebook-ffs-claims.pdf
outpatient.zip,outpatient,ICD_PRCDR_CD21,icd10_pcs_procedure_code_21,identifier_or_code,Numbered ICD-10-PCS procedure code from the source claim.,https://www2.ccwdata.org/documents/10280/19022436/codebook-ffs-claims.pdf
outpatient.zip,outpatient,PRCDR_DT21,prcdr_dt21,text_or_category,Source field retained; consult the CMS data dictionary for its definition.,https://www2.ccwdata.org/documents/10280/19022436/codebook-ffs-claims.pdf
outpatient.zip,outpatient,ICD_PRCDR_CD22,icd10_pcs_procedure_code_22,identifier_or_code,Numbered ICD-10-PCS procedure code from the source claim.,https://www2.ccwdata.org/documents/10280/19022436/codebook-ffs-claims.pdf
outpatient.zip,outpatient,PRCDR_DT22,prcdr_dt22,text_or_category,Source field retained; consult the CMS data dictionary for its definition.,https://www2.ccwdata.org/documents/10280/19022436/codebook-ffs-claims.pdf
outpatient.zip,outpatient,ICD_PRCDR_CD23,icd10_pcs_procedure_code_23,identifier_or_code,Numbered ICD-10-PCS procedure code from the source claim.,https://www2.ccwdata.org/documents/10280/19022436/codebook-ffs-claims.pdf
outpatient.zip,outpatient,PRCDR_DT23,prcdr_dt23,text_or_category,Source field retained; consult the CMS data dictionary for its definition.,https://www2.ccwdata.org/documents/10280/19022436/codebook-ffs-claims.pdf
outpatient.zip,outpatient,ICD_PRCDR_CD24,icd10_pcs_procedure_code_24,identifier_or_code,Numbered ICD-10-PCS procedure code from the source claim.,https://www2.ccwdata.org/documents/10280/19022436/codebook-ffs-claims.pdf
outpatient.zip,outpatient,PRCDR_DT24,prcdr_dt24,text_or_category,Source field retained; consult the CMS data dictionary for its definition.,https://www2.ccwdata.org/documents/10280/19022436/codebook-ffs-claims.pdf
outpatient.zip,outpatient,ICD_PRCDR_CD25,icd10_pcs_procedure_code_25,identifier_or_code,Numbered ICD-10-PCS procedure code from the source claim.,https://www2.ccwdata.org/documents/10280/19022436/codebook-ffs-claims.pdf
outpatient.zip,outpatient,PRCDR_DT25,prcdr_dt25,text_or_category,Source field retained; consult the CMS data dictionary for its definition.,https://www2.ccwdata.org/documents/10280/19022436/codebook-ffs-claims.pdf
outpatient.zip,outpatient,RSN_VISIT_CD1,rsn_visit_cd1,text_or_category,Source field retained; consult the CMS data dictionary for its definition.,https://www2.ccwdata.org/documents/10280/19022436/codebook-ffs-claims.pdf
outpatient.zip,outpatient,RSN_VISIT_CD2,rsn_visit_cd2,text_or_category,Source field retained; consult the CMS data dictionary for its definition.,https://www2.ccwdata.org/documents/10280/19022436/codebook-ffs-claims.pdf
outpatient.zip,outpatient,RSN_VISIT_CD3,rsn_visit_cd3,text_or_category,Source field retained; consult the CMS data dictionary for its definition.,https://www2.ccwdata.org/documents/10280/19022436/codebook-ffs-claims.pdf
outpatient.zip,outpatient,NCH_BENE_PTB_DDCTBL_AMT,nch_bene_ptb_ddctbl_amt,numeric,Source field retained; consult the CMS data dictionary for its definition.,https://www2.ccwdata.org/documents/10280/19022436/codebook-ffs-claims.pdf
outpatient.zip,outpatient,NCH_BENE_PTB_COINSRNC_AMT,nch_bene_ptb_coinsrnc_amt,numeric,Source field retained; consult the CMS data dictionary for its definition.,https://www2.ccwdata.org/documents/10280/19022436/codebook-ffs-claims.pdf
outpatient.zip,outpatient,CLM_OP_PRVDR_PMT_AMT,clm_op_prvdr_pmt_amt,numeric,Source field retained; consult the CMS data dictionary for its definition.,https://www2.ccwdata.org/documents/10280/19022436/codebook-ffs-claims.pdf
outpatient.zip,outpatient,CLM_OP_BENE_PMT_AMT,clm_op_bene_pmt_amt,numeric,Source field retained; consult the CMS data dictionary for its definition.,https://www2.ccwdata.org/documents/10280/19022436/codebook-ffs-claims.pdf
outpatient.zip,outpatient,CLM_LINE_NUM,clm_line_num,text_or_category,Source field retained; consult the CMS data dictionary for its definition.,https://www2.ccwdata.org/documents/10280/19022436/codebook-ffs-claims.pdf
outpatient.zip,outpatient,REV_CNTR,rev_cntr,text_or_category,Source field retained; consult the CMS data dictionary for its definition.,https://www2.ccwdata.org/documents/10280/19022436/codebook-ffs-claims.pdf
outpatient.zip,outpatient,REV_CNTR_DT,rev_cntr_dt,date,Source field retained; consult the CMS data dictionary for its definition.,https://www2.ccwdata.org/documents/10280/19022436/codebook-ffs-claims.pdf
outpatient.zip,outpatient,REV_CNTR_1ST_ANSI_CD,rev_cntr_1st_ansi_cd,identifier_or_code,Source field retained; consult the CMS data dictionary for its definition.,https://www2.ccwdata.org/documents/10280/19022436/codebook-ffs-claims.pdf
outpatient.zip,outpatient,REV_CNTR_2ND_ANSI_CD,rev_cntr_2nd_ansi_cd,identifier_or_code,Source field retained; consult the CMS data dictionary for its definition.,https://www2.ccwdata.org/documents/10280/19022436/codebook-ffs-claims.pdf
outpatient.zip,outpatient,REV_CNTR_3RD_ANSI_CD,rev_cntr_3rd_ansi_cd,identifier_or_code,Source field retained; consult the CMS data dictionary for its definition.,https://www2.ccwdata.org/documents/10280/19022436/codebook-ffs-claims.pdf
outpatient.zip,outpatient,REV_CNTR_4TH_ANSI_CD,rev_cntr_4th_ansi_cd,identifier_or_code,Source field retained; consult the CMS data dictionary for its definition.,https://www2.ccwdata.org/documents/10280/19022436/codebook-ffs-claims.pdf
outpatient.zip,outpatient,REV_CNTR_APC_HIPPS_CD,rev_cntr_apc_hipps_cd,identifier_or_code,Source field retained; consult the CMS data dictionary for its definition.,https://www2.ccwdata.org/documents/10280/19022436/codebook-ffs-claims.pdf
outpatient.zip,outpatient,HCPCS_CD,hcpcs_cd,identifier_or_code,Source field retained; consult the CMS data dictionary for its definition.,https://www2.ccwdata.org/documents/10280/19022436/codebook-ffs-claims.pdf
outpatient.zip,outpatient,HCPCS_1ST_MDFR_CD,hcpcs_1st_mdfr_cd,identifier_or_code,Source field retained; consult the CMS data dictionary for its definition.,https://www2.ccwdata.org/documents/10280/19022436/codebook-ffs-claims.pdf
outpatient.zip,outpatient,HCPCS_2ND_MDFR_CD,hcpcs_2nd_mdfr_cd,identifier_or_code,Source field retained; consult the CMS data dictionary for its definition.,https://www2.ccwdata.org/documents/10280/19022436/codebook-ffs-claims.pdf
outpatient.zip,outpatient,REV_CNTR_PMT_MTHD_IND_CD,rev_cntr_pmt_mthd_ind_cd,identifier_or_code,Source field retained; consult the CMS data dictionary for its definition.,https://www2.ccwdata.org/documents/10280/19022436/codebook-ffs-claims.pdf
outpatient.zip,outpatient,REV_CNTR_DSCNT_IND_CD,rev_cntr_dscnt_ind_cd,identifier_or_code,Source field retained; consult the CMS data dictionary for its definition.,https://www2.ccwdata.org/documents/10280/19022436/codebook-ffs-claims.pdf
outpatient.zip,outpatient,REV_CNTR_PACKG_IND_CD,rev_cntr_packg_ind_cd,identifier_or_code,Source field retained; consult the CMS data dictionary for its definition.,https://www2.ccwdata.org/documents/10280/19022436/codebook-ffs-claims.pdf
outpatient.zip,outpatient,REV_CNTR_OTAF_PMT_CD,rev_cntr_otaf_pmt_cd,identifier_or_code,Source field retained; consult the CMS data dictionary for its definition.,https://www2.ccwdata.org/documents/10280/19022436/codebook-ffs-claims.pdf
outpatient.zip,outpatient,REV_CNTR_IDE_NDC_UPC_NUM,rev_cntr_ide_ndc_upc_num,text_or_category,Source field retained; consult the CMS data dictionary for its definition.,https://www2.ccwdata.org/documents/10280/19022436/codebook-ffs-claims.pdf
outpatient.zip,outpatient,REV_CNTR_UNIT_CNT,rev_cntr_unit_cnt,numeric,Source field retained; consult the CMS data dictionary for its definition.,https://www2.ccwdata.org/documents/10280/19022436/codebook-ffs-claims.pdf
outpatient.zip,outpatient,REV_CNTR_RATE_AMT,rev_cntr_rate_amt,numeric,Source field retained; consult the CMS data dictionary for its definition.,https://www2.ccwdata.org/documents/10280/19022436/codebook-ffs-claims.pdf
outpatient.zip,outpatient,REV_CNTR_BLOOD_DDCTBL_AMT,rev_cntr_blood_ddctbl_amt,numeric,Source field retained; consult the CMS data dictionary for its definition.,https://www2.ccwdata.org/documents/10280/19022436/codebook-ffs-claims.pdf
outpatient.zip,outpatient,REV_CNTR_CASH_DDCTBL_AMT,rev_cntr_cash_ddctbl_amt,numeric,Source field retained; consult the CMS data dictionary for its definition.,https://www2.ccwdata.org/documents/10280/19022436/codebook-ffs-claims.pdf
outpatient.zip,outpatient,REV_CNTR_COINSRNC_WGE_ADJSTD_C,rev_cntr_coinsrnc_wge_adjstd_c,text_or_category,Source field retained; consult the CMS data dictionary for its definition.,https://www2.ccwdata.org/documents/10280/19022436/codebook-ffs-claims.pdf
outpatient.zip,outpatient,REV_CNTR_RDCD_COINSRNC_AMT,rev_cntr_rdcd_coinsrnc_amt,numeric,Source field retained; consult the CMS data dictionary for its definition.,https://www2.ccwdata.org/documents/10280/19022436/codebook-ffs-claims.pdf
outpatient.zip,outpatient,REV_CNTR_1ST_MSP_PD_AMT,rev_cntr_1st_msp_pd_amt,numeric,Source field retained; consult the CMS data dictionary for its definition.,https://www2.ccwdata.org/documents/10280/19022436/codebook-ffs-claims.pdf
outpatient.zip,outpatient,REV_CNTR_2ND_MSP_PD_AMT,rev_cntr_2nd_msp_pd_amt,numeric,Source field retained; consult the CMS data dictionary for its definition.,https://www2.ccwdata.org/documents/10280/19022436/codebook-ffs-claims.pdf
outpatient.zip,outpatient,REV_CNTR_PRVDR_PMT_AMT,rev_cntr_prvdr_pmt_amt,numeric,Source field retained; consult the CMS data dictionary for its definition.,https://www2.ccwdata.org/documents/10280/19022436/codebook-ffs-claims.pdf
outpatient.zip,outpatient,REV_CNTR_BENE_PMT_AMT,rev_cntr_bene_pmt_amt,numeric,Source field retained; consult the CMS data dictionary for its definition.,https://www2.ccwdata.org/documents/10280/19022436/codebook-ffs-claims.pdf
outpatient.zip,outpatient,REV_CNTR_PTNT_RSPNSBLTY_PMT,rev_cntr_ptnt_rspnsblty_pmt,text_or_category,Source field retained; consult the CMS data dictionary for its definition.,https://www2.ccwdata.org/documents/10280/19022436/codebook-ffs-claims.pdf
outpatient.zip,outpatient,REV_CNTR_PMT_AMT_AMT,rev_cntr_pmt_amt_amt,numeric,Source field retained; consult the CMS data dictionary for its definition.,https://www2.ccwdata.org/documents/10280/19022436/codebook-ffs-claims.pdf
outpatient.zip,outpatient,REV_CNTR_TOT_CHRG_AMT,rev_cntr_tot_chrg_amt,numeric,Source field retained; consult the CMS data dictionary for its definition.,https://www2.ccwdata.org/documents/10280/19022436/codebook-ffs-claims.pdf
outpatient.zip,outpatient,REV_CNTR_NCVRD_CHRG_AMT,rev_cntr_ncvrd_chrg_amt,numeric,Source field retained; consult the CMS data dictionary for its definition.,https://www2.ccwdata.org/documents/10280/19022436/codebook-ffs-claims.pdf
outpatient.zip,outpatient,REV_CNTR_STUS_IND_CD,rev_cntr_stus_ind_cd,identifier_or_code,Source field retained; consult the CMS data dictionary for its definition.,https://www2.ccwdata.org/documents/10280/19022436/codebook-ffs-claims.pdf
outpatient.zip,outpatient,REV_CNTR_NDC_QTY,rev_cntr_ndc_qty,numeric,Source field retained; consult the CMS data dictionary for its definition.,https://www2.ccwdata.org/documents/10280/19022436/codebook-ffs-claims.pdf
outpatient.zip,outpatient,REV_CNTR_NDC_QTY_QLFR_CD,rev_cntr_ndc_qty_qlfr_cd,identifier_or_code,Source field retained; consult the CMS data dictionary for its definition.,https://www2.ccwdata.org/documents/10280/19022436/codebook-ffs-claims.pdf
outpatient.zip,outpatient,RNDRNG_PHYSN_UPIN,rndrng_physn_upin,text_or_category,Source field retained; consult the CMS data dictionary for its definition.,https://www2.ccwdata.org/documents/10280/19022436/codebook-ffs-claims.pdf
outpatient.zip,outpatient,RNDRNG_PHYSN_NPI,rndrng_physn_npi,identifier_or_code,Source field retained; consult the CMS data dictionary for its definition.,https://www2.ccwdata.org/documents/10280/19022436/codebook-ffs-claims.pdf
